customer_key,score_date,personalized_deadline,personalized_window_days,estimated_margin_next_180d,contact_eligible,churn_probability,value_at_risk,risk_rank,value_at_risk_rank
f7695af504455342c2a2cb85,2026-06-30,2026-07-01,18.0,418.032,True,0.823853193252431,344.39699808170025,4.0,1.0
8a7b7e04df41d10d7b1e21e6,2026-06-30,2026-07-01,19.0,471.4451612903226,True,0.7089099495927984,334.21216552609127,56.0,2.0
6ba4d2765c5a35539094920b,2026-06-30,2026-07-09,28.0,523.9224489795919,True,0.6157905667651494,322.62650179812795,146.0,3.0
71119059bf468f4db188e28b,2026-06-30,2026-07-03,40.0,468.4422857142857,True,0.664270326679508,311.172310161924,91.0,4.0
62b67283cb8a33b55e1404f6,2026-06-30,2026-07-03,13.0,604.4636363636364,True,0.5144178178674647,310.9468647984145,302.0,5.0
0220b0387fb3e845c87636ed,2026-06-30,2026-07-08,24.0,590.6257839721254,True,0.4880554441890349,288.25812934601265,348.0,6.0
5edc445963ad2d300ba8b08a,2026-06-30,2026-07-05,17.0,577.4741379310345,True,0.4824639984964586,278.61048161450236,361.0,7.0
858b85f0ee760c9a72ff9b4e,2026-06-30,2026-07-06,21.0,586.393388429752,True,0.4691549098115836,275.1093372628692,381.0,8.0
cc7a6b7d9f0bf20b3920261f,2026-06-30,2026-07-07,27.0,505.3108695652175,True,0.518344991559658,261.9253584197861,293.0,9.0
f2be914cfee416ea82f81b4e,2026-06-30,2026-07-03,14.0,354.99130434782614,True,0.699753946074569,248.40656603954963,61.0,10.0
7756e7418fb6f752e5e644b6,2026-06-30,2026-07-10,26.0,456.63896103896104,True,0.5439215107294318,248.37575354622984,260.0,11.0
45cb8f2e24df1d0a127ca1a8,2026-06-30,2026-07-01,12.0,421.17894736842106,True,0.5737862713176624,241.66669776802428,207.0,12.0
024344d09fde30e3a1a7bd97,2026-06-30,2026-07-04,24.0,394.6888888888889,True,0.6046114396615894,238.63341732954422,162.0,13.0
a5337845fc500cbf0794c8e1,2026-06-30,2026-07-03,13.0,378.98,True,0.6215214438963746,235.54419680784807,138.0,14.0
9b1103f4f26f201c8f6eb3d5,2026-06-30,2026-07-06,25.0,312.79999999999995,True,0.7495811658158401,234.46898866719476,28.0,15.0
f0bfdc1c7557eb95caba42ec,2026-06-30,2026-07-03,21.0,293.44864864864866,True,0.7646275458048262,224.37892003595894,23.0,16.0
0df9789e90bf6ce9f1a8b723,2026-06-30,2026-07-09,21.0,445.0594594594594,True,0.4846215125553449,215.68538842030742,353.0,17.0
96c34d8168a0b2197d129613,2026-06-30,2026-07-06,20.0,418.078125,True,0.5140458714700846,214.91133410820396,303.0,18.0
617c57a5929970e389375331,2026-06-30,2026-07-05,15.0,582.8584980237155,True,0.3670544239363699,213.94079022851267,610.0,19.0
310c35ef77b8716737a859f8,2026-06-30,2026-07-04,14.0,391.1372307692307,True,0.5375585754401688,210.25917257392024,273.0,20.0
2e1d0520a7b1caccde5f5b96,2026-06-30,2026-07-03,27.0,324.24615384615385,True,0.6342769143966753,205.66184996652814,121.0,21.0
d7fde88a0293d820d16813c5,2026-06-30,2026-07-02,21.0,288.08235294117645,True,0.6903663827453086,198.8823719327573,73.0,22.0
6febb47fce303e6fe6c91b08,2026-06-30,2026-07-06,24.0,295.3988372093023,True,0.6590734728839137,194.68953752540475,93.0,23.0
4537efb7424df43d32243e98,2026-06-30,2026-07-09,27.0,354.24642857142857,True,0.5455407616071724,193.25586643947793,255.0,24.0
0407c2e7d472e6e87fce19b7,2026-06-30,2026-07-06,21.0,382.54628571428566,True,0.49158534344275556,188.05414724560762,342.0,25.0
059da344ec5b2327860d7f97,2026-06-30,2026-07-05,14.0,436.40668896321074,True,0.42244804512064826,184.35915263008317,475.0,26.0
2e429470e3f71095b268c08a,2026-06-30,2026-07-04,36.0,255.79938461538458,True,0.7205995747303368,184.328927770128,44.0,27.0
b9d68a39dc32c4a4bc8a7720,2026-06-30,2026-07-11,48.0,225.1448275862069,True,0.8104137313195918,182.4604598114441,10.0,28.0
3a421606f3e2851a548ed77e,2026-06-30,2026-07-12,60.0,349.1,True,0.5205121555709326,181.71079350981256,292.0,29.0
6b2ae6fc8bc63d643bea27cd,2026-06-30,2026-07-01,12.0,345.9,True,0.5232855230108172,181.00446240944166,290.0,30.0
fc44977f64e8b28efeaafbe8,2026-06-30,2026-07-06,30.0,286.20000000000005,True,0.6308783710723064,180.5573898008941,129.0,31.0
4668200ab42b303181479e53,2026-06-30,2026-07-05,34.0,212.52244897959184,True,0.8478820364547257,180.19396683316188,2.0,32.0
78d03bda3277e22c719f9d66,2026-06-30,2026-07-03,22.0,281.5457142857143,True,0.6205121976636101,174.70254991419947,140.0,33.0
7dc40512d7d71beb17d9fcd3,2026-06-30,2026-07-08,38.0,218.475,True,0.7941234582821673,173.4961225481965,13.0,34.0
c58b84e1866b17bc934a53d8,2026-06-30,2026-07-01,29.0,254.7535714285714,True,0.6765069299669528,172.34255650525967,81.0,35.0
27ad6e53b5fc26eb35c7f98d,2026-06-30,2026-07-11,41.0,309.7774647887324,True,0.5489409286257334,170.0495291884522,244.0,36.0
bde436eb631a4cb652d7e4be,2026-06-30,2026-07-05,14.0,445.4473846153847,True,0.38055139089441803,169.51562178566545,580.0,37.0
d955c09d55447d82ab814300,2026-06-30,2026-07-01,26.0,212.08295454545456,True,0.7824219963183777,165.9383686805543,16.0,38.0
c9443dc4cd69828260412a29,2026-06-30,2026-07-06,24.0,235.79999999999995,True,0.6974007709816044,164.44710179746227,66.0,39.0
a6ac83d14b85868f13aa1539,2026-06-30,2026-07-08,47.0,255.80224719101122,True,0.6425199594223114,164.3580494853046,111.0,40.0
96d595476e62ce09233068ff,2026-06-30,2026-07-14,48.0,223.07837837837837,True,0.7276246505955547,162.31732712299052,41.0,41.0
973dd656cf374978e2bd861b,2026-06-30,2026-07-02,10.0,252.38,True,0.6358485401862869,160.47545457221509,120.0,42.0
42aff2831cda450598d164ed,2026-06-30,2026-07-02,14.0,295.20000000000005,True,0.5411023148193987,159.73340333468653,266.0,43.0
66682987d0a7dedd9a97065b,2026-06-30,2026-07-09,24.0,397.1179487179487,True,0.4008985434667128,159.20400722551437,525.0,44.0
ad9b7e9f4a83044e028b7a2e,2026-06-30,2026-07-21,74.0,514.6048780487805,True,0.3045956282262724,156.7463961175726,768.0,45.0
f9aacc5de35af5965d9bc5e8,2026-06-30,2026-07-05,16.0,446.5234285714286,True,0.3394559381449166,151.57502934939896,677.0,46.0
98e234e83df617d4dce35c43,2026-06-30,2026-07-07,19.0,356.3325,True,0.42489570327920967,151.40414818873896,468.0,47.0
e3d37aff586d1ce735ba670d,2026-06-30,2026-07-04,12.0,463.68199445983373,True,0.3250575281392093,150.72332296177208,717.0,48.0
675b4e8656a5913acac5cd53,2026-06-30,2026-07-01,17.0,211.85000000000002,True,0.7106614994268309,150.55363865357413,54.0,49.0
fafc978c74bb7a21a807fa40,2026-06-30,2026-07-11,29.0,271.6107816711591,True,0.5475343373385858,148.7162293563334,251.0,50.0
a004b97a66d6b53bb854ba2a,2026-06-30,2026-07-01,23.0,202.29230769230767,True,0.7345299949705888,148.58976775181955,38.0,51.0
2697eb39ad383afae0a55e5a,2026-06-30,2026-07-05,26.0,180.47812499999998,True,0.8195521710257455,147.91123916640586,6.0,52.0
a2430bea5bc1f44d06fd2036,2026-06-30,2026-07-11,19.0,657.8614285714287,True,0.22040145174525846,144.99361390435254,944.0,53.0
5a3117c68c90231557b805f9,2026-06-30,2026-07-02,29.0,185.456,True,0.7790604684391368,144.48143823484855,17.0,54.0
56507c1f2cc121fca468b830,2026-06-30,2026-07-19,53.0,242.20689655172418,True,0.5955553788272987,144.24762003044646,178.0,55.0
7f86d5fe86b758c239f1ad96,2026-06-30,2026-07-06,34.0,233.32881355932204,True,0.6096021100766401,142.23773708744167,154.0,56.0
de9874a6e25a5b2a12270dcc,2026-06-30,2026-07-05,24.0,279.0675,True,0.5014042079469546,139.92561880123677,326.0,57.0
02b9b354f9aca2e2f2624d95,2026-06-30,2026-07-05,34.0,219.49411764705883,True,0.6332846425239983,139.0022538302381,125.0,58.0
84d86298af61c164e22ed4ec,2026-06-30,2026-07-13,26.0,358.8461538461538,True,0.3855092231471455,138.33850199857181,563.0,59.0
f78bddd493044392d73844e7,2026-06-30,2026-07-11,26.0,215.50857142857143,True,0.6410228375486845,138.1459159732062,113.0,60.0
b4f188f7f69823447c65038b,2026-06-30,2026-07-04,15.0,332.6400000000001,True,0.41086107578279857,136.66882824839016,502.0,61.0
47e51e4f6558035c72a78dc8,2026-06-30,2026-07-05,28.0,211.62115384615387,True,0.6441356299966545,136.31272525331127,105.0,62.0
1890f4d35e9bb6cd823c9f68,2026-06-30,2026-07-01,14.0,167.07115384615386,True,0.8110508538503208,135.5032019806814,9.0,63.0
06c28a8ebe86d2002c23ea34,2026-06-30,2026-07-08,28.0,272.11071428571427,True,0.49700895388968624,135.24146144931814,331.0,64.0
6c3f156edc68e0ee4bf35ebc,2026-06-30,2026-07-02,15.0,210.93,True,0.6371853127738727,134.40149802339297,116.0,65.0
cebf425a053a72a9c614961b,2026-06-30,2026-07-05,16.0,318.3066666666667,True,0.41662872873219187,132.6157018803149,486.0,66.0
ddbe2b1eac80ebbdefc2d059,2026-06-30,2026-07-11,24.0,340.1372093023256,True,0.385073306929395,130.9777599957823,565.0,67.0
343f4dfc94740291324ec416,2026-06-30,2026-07-05,27.0,214.70801393728226,True,0.6094510508644722,130.8540247231004,155.0,68.0
9a1f1bcf7e395e24771c0e09,2026-06-30,2026-07-02,9.0,265.3363636363636,True,0.4892064296628589,129.80425511427146,347.0,69.0
e77e8a7af30dc894ce2f06b4,2026-06-30,2026-07-02,15.0,215.55371900826447,True,0.5985627583799012,129.02242862863292,168.0,70.0
b2f228d9ac6bdf9bc1d9e06e,2026-06-30,2026-07-14,45.0,177.58461538461538,True,0.7186852854668458,127.62745000221233,46.0,71.0
f923700474d50dbd6e0f59c3,2026-06-30,2026-08-04,91.0,205.8710059171598,True,0.6093315067036901,125.44369022210728,157.0,72.0
adf694a9044dab2f15428c26,2026-06-30,2026-07-05,14.0,361.35,True,0.344182758605906,124.37043982224415,665.0,73.0
06319d70e5d83485904d6384,2026-06-30,2026-07-05,20.0,185.59636363636363,True,0.6694793758260706,124.25293768286116,89.0,74.0
ae9a5b2c87c18fcfd8f01760,2026-06-30,2026-07-07,31.0,195.76363636363635,True,0.6277566748200653,122.89192941432077,131.0,75.0
2a8759b57dab6b6e097332ee,2026-06-30,2026-07-05,11.0,454.9235294117647,True,0.263171604454221,119.72295513927112,878.0,76.0
2c1bdbbaf9d748fdb0348c91,2026-06-30,2026-07-06,16.0,361.8272727272727,True,0.3264311002367716,118.11167473203405,712.0,77.0
a2de868401ea78406ede23ab,2026-06-30,2026-07-03,19.0,193.89374999999995,True,0.607074244922536,117.70790187644894,159.0,78.0
066fc07a31b2583c6ae52775,2026-06-30,2026-07-05,30.0,164.625,True,0.7112890175855192,117.09595452001611,52.0,79.0
78b35d0447a03aa9360b5cbe,2026-06-30,2026-07-03,36.0,152.4089552238806,True,0.766166105393127,116.77057565091609,22.0,80.0
db60e77eb078cfc9eef0dd06,2026-06-30,2026-07-08,70.0,241.8099173553719,True,0.4662604632371973,112.74640408146409,384.0,81.0
f52e9cb761f05b8dd2a35678,2026-06-30,2026-07-11,31.0,227.09454545454548,True,0.49636616330467165,112.7220482346911,333.0,82.0
d74094ad5184de4dfac91f9c,2026-06-30,2026-07-04,11.0,305.01473684210526,True,0.368453703408716,112.38380938370862,607.0,83.0
9cccdc926af06bb811822ec1,2026-06-30,2026-07-09,32.0,210.78461538461542,True,0.5312795802079758,111.98556197583812,280.0,84.0
860c7eb9cadf08f116237bf5,2026-06-30,2026-07-06,20.0,231.32,True,0.4794019590401181,110.89526116516012,366.0,85.0
0be8513e898e2ee10e5a130b,2026-06-30,2026-07-14,28.0,398.5823708206687,True,0.27495017682358114,109.59029333590505,842.0,86.0
1036d33e7c1e9b69dbb05b8b,2026-06-30,2026-07-03,56.0,169.63738317757006,True,0.6359780642825854,107.88565458323423,119.0,87.0
f417ae77c12ab1e1043facfe,2026-06-30,2026-07-26,56.0,247.61538461538467,True,0.4312701111787355,106.7891144526423,455.0,88.0
7dd6f253627ea9a800944977,2026-06-30,2026-07-06,42.0,144.325,True,0.7387089561046911,106.61417008980953,35.0,89.0
6faeed2b2a1c4b6c3d630bb2,2026-06-30,2026-07-10,38.0,191.7747692307692,True,0.5536048287542342,106.16743827938278,233.0,90.0
c662bf70813f1b7fdc25d51f,2026-06-30,2026-07-11,33.0,271.7111111111111,True,0.38996555931323695,105.95797541606551,550.0,91.0
040d15680d009c11a273c918,2026-06-30,2026-07-03,21.0,170.11285714285717,True,0.6204286675752225,105.54289329455705,141.0,92.0
4b27cbf0056a39c60f67e8a2,2026-06-30,2026-07-01,17.0,129.0,True,0.8163629255767373,105.31081739939911,7.0,93.0
970381d685adf616beb65124,2026-06-30,2026-07-02,43.0,142.61830985915495,True,0.736461191008301,105.03285033846417,36.0,94.0
be76bf5eac063e67195ff08f,2026-06-30,2026-07-04,35.0,182.69694915254237,True,0.5736571125536765,104.80540432321331,208.0,95.0
f63426395de94182ab66de6d,2026-06-30,2026-07-08,22.0,317.02702702702703,True,0.32981183307079537,104.55926491676837,700.0,96.0
f46ab42d6ba0dbf09590b6c6,2026-06-30,2026-07-05,19.0,149.89371428571428,True,0.6955259195004717,104.25496345591242,68.0,97.0
989d79d7d226b5a0240236d6,2026-06-30,2026-07-08,25.0,224.41081081081083,True,0.46350027506673963,104.01447253876088,391.0,98.0
896e3649c7c867f1902fa19f,2026-06-30,2026-07-03,23.0,159.66,True,0.6452778049860312,103.02505434406973,104.0,99.0
508eaafd6c1a963b4965a1e4,2026-06-30,2026-07-08,28.0,196.36800000000002,True,0.5112858995144285,100.4001895158493,308.0,100.0
2469ec23a0f17d75dbda9871,2026-06-30,2026-07-01,16.0,136.68571428571428,True,0.7326112538381271,100.13749252461714,40.0,101.0
fc7fd0cad8b1c3fbaace66d9,2026-06-30,2026-07-11,56.0,178.62127659574472,True,0.559998042973025,100.02756532696044,224.0,102.0
2f72215f3a8fbb7311a90de6,2026-06-30,2026-07-10,34.0,181.1715254237288,True,0.5504455240082708,99.72505524724217,241.0,103.0
4ac20cc26cc0524c0b6709a7,2026-06-30,2026-07-15,30.0,254.7238095238095,True,0.38717299451602394,98.62218010786262,556.0,104.0
fb2fc925450e1efcbcbdf3d8,2026-06-30,2026-07-05,44.0,137.24430379746838,True,0.7114664978471519,97.6447241722554,51.0,105.0
756fb9f0ca94cda82ca674b9,2026-06-30,2026-07-05,20.0,181.36799999999997,True,0.537953649205805,97.56757744915842,271.0,106.0
eb98e9619c3aedd0f40904ea,2026-06-30,2026-07-07,16.0,320.17500000000007,True,0.3025834289767431,96.87964937262875,778.0,107.0
d481e0515afa068a1180edaa,2026-06-30,2026-07-26,55.0,188.42474226804126,True,0.5122988130017911,96.52977180408595,305.0,108.0
add7d63f85ba90140a4655b2,2026-06-30,2026-07-04,29.0,151.3259475218659,True,0.6295623336652588,95.26911666597239,130.0,109.0
813fa5c1c2bc67e86ef16a53,2026-06-30,2026-07-12,62.0,149.47272727272727,True,0.6367685919670756,95.17953808293323,117.0,110.0
9fb97cad4ac1353deef57eb3,2026-06-30,2026-07-08,25.0,172.1182724252492,True,0.5513387664486767,94.89547600221418,240.0,111.0
dddf349f402f790a390b2d1b,2026-06-30,2026-07-09,26.0,217.78928571428568,True,0.43019882219102806,93.69269420011099,456.0,112.0
bb147aa79ea9e56cdae4c008,2026-06-30,2026-07-16,44.0,129.78333333333333,True,0.7166869428900228,93.01402040474345,47.0,113.0
7e34e027006754796fd8d232,2026-06-30,2026-07-09,36.0,180.0,True,0.5161401557376503,92.90522803277705,298.0,114.0
1080f12d5ef5ffd8713bef29,2026-06-30,2026-07-02,29.0,115.26666666666667,True,0.8058661522179957,92.88950514566098,11.0,115.0
da1eb0c5c6b6258b8f1e065e,2026-06-30,2026-07-08,21.0,404.9464285714285,True,0.2274201076162104,92.09296036451433,936.0,116.0
003fb713c3c95c156f97cfd6,2026-06-30,2026-07-08,24.0,199.98461538461535,True,0.4563858148351748,91.27014164680672,400.0,117.0
d9d24146d75a22c221680a26,2026-06-30,2026-07-04,15.0,165.26538461538462,True,0.5521400871325131,91.24964386152675,237.0,118.0
1db7cde8931aedc0a961bece,2026-06-30,2026-07-22,57.0,173.73333333333332,True,0.5235789741972776,90.96312045054036,289.0,119.0
080ae7f3b022b4ac3a4529bb,2026-06-30,2026-07-05,25.0,141.07792207792204,True,0.6439061178935624,90.84093712568529,106.0,120.0
6c855e050d4d70d46efcb3b2,2026-06-30,2026-07-13,52.0,190.5063157894737,True,0.4758274613321167,90.6481366098398,372.0,121.0
d0bb84338c13278d9945f0de,2026-06-30,2026-07-19,46.0,329.46999999999997,True,0.27420965136012626,90.34385383362078,843.0,122.0
93c307ddd51251aed8c5a066,2026-06-30,2026-07-03,24.0,145.935,True,0.6153345799722262,89.79885192824683,148.0,123.0
68ee5a48d427ef18a6bcaa63,2026-06-30,2026-07-08,17.0,217.68750000000003,True,0.41227208584285696,89.74647968691694,500.0,124.0
04fd0f7726d02ba2d44553eb,2026-06-30,2026-07-08,24.0,185.14418604651163,True,0.48436760503063425,89.67784598069501,355.0,125.0
05d4cf3a85882655f283be12,2026-06-30,2026-07-02,29.0,151.91124620060788,True,0.5899333960594444,89.61751737074698,185.0,126.0
a053e6442d0713c33d07f766,2026-06-30,2026-07-02,19.0,119.29764705882351,True,0.7452074486756717,88.90149519771661,30.0,127.0
674214e72b2b528921e53626,2026-06-30,2026-07-04,41.0,147.69126760563378,True,0.6009470103241337,88.75462571858719,165.0,128.0
14827dee16f0586efa45081f,2026-06-30,2026-07-10,45.0,139.47567567567566,True,0.6331211421142483,88.30499908094025,126.0,129.0
9bbefc491e530796af2effc0,2026-06-30,2026-07-04,13.0,173.71363636363634,True,0.5059369955163137,87.88815526203162,316.0,130.0
2acfd76b6f221513ea4209f5,2026-06-30,2026-07-12,34.0,199.30645161290326,True,0.43971672329437567,87.63837983465486,436.0,131.0
da58f910a803adc4ad3e4144,2026-06-30,2026-07-13,37.0,122.98378378378379,True,0.7082119333702085,87.09858328669722,57.0,132.0
517813955f809a4f490a4fac,2026-06-30,2026-07-06,29.0,178.79999999999998,True,0.4859317717274483,86.88460078486774,352.0,133.0
76e1943c5bf991a73f08b3a0,2026-06-30,2026-07-04,38.0,170.31724137931033,True,0.5081738133989955,86.55076203932131,312.0,134.0
b75bd9e3f957297f1208e19d,2026-06-30,2026-07-14,29.0,261.6975,True,0.32945004000745176,86.2162518448501,703.0,135.0
2040c7c89ab9e92f11032b31,2026-06-30,2026-07-06,23.0,139.70853658536586,True,0.6165456653986716,86.13669265089905,145.0,136.0
842997a6c6deae66ca7ee5a6,2026-06-30,2026-07-07,16.0,305.03076923076924,True,0.28150456884620323,85.86755517713341,827.0,137.0
7e5b1d933e35ac664991e0c4,2026-06-30,2026-07-13,25.0,228.3189368770764,True,0.37573107661177046,85.78651996367877,593.0,138.0
d25bd7ca2b6df623aa4349d5,2026-06-30,2026-07-13,43.0,173.7592105263158,True,0.49057525850856437,85.24196962219143,344.0,139.0
dd450d8ec686099316be4077,2026-06-30,2026-07-19,41.0,245.51999999999998,True,0.3467934257834819,85.14472189836046,656.0,140.0
3c60b05a22ec00996661fa93,2026-06-30,2026-07-07,15.0,248.24000000000004,True,0.34013221003269767,84.43441981851689,674.0,141.0
c9d9c949f701737b1ea93d4d,2026-06-30,2026-07-03,20.0,128.62588235294118,True,0.6537126834200832,84.0843707102171,95.0,142.0
bb02e5ae4e33ce98b4827411,2026-06-30,2026-07-04,9.0,483.6533333333333,True,0.1737558747668416,84.03760801723216,1024.0,143.0
cc9143d1b0d1edd977e94d2f,2026-06-30,2026-07-05,22.0,128.63314285714284,True,0.6494071799993124,83.53528655730582,99.0,144.0
15c63b8ef806ad1fbb2486d6,2026-06-30,2026-07-03,28.0,132.25896656534957,True,0.6313247931156741,83.49836470456218,128.0,145.0
f6fdc1312515476615ab497c,2026-06-30,2026-07-08,46.0,155.18076923076922,True,0.5367626832677538,83.29524608386177,275.0,146.0
51394d746c182d667592d23c,2026-06-30,2026-07-04,15.0,141.39692307692306,True,0.5857760280542584,82.8269279790935,190.0,147.0
3e04fc966f3edee816323434,2026-06-30,2026-07-04,17.0,166.16666666666666,True,0.4961693688124424,82.44681011766751,335.0,148.0
9b58bfd4b6252e53d41d917b,2026-06-30,2026-07-05,38.0,171.45442622950821,True,0.48038937863550263,82.36488528070008,362.0,149.0
718032a66afe2d4ac40777e5,2026-06-30,2026-07-11,64.0,161.15172413793104,True,0.5110935556401807,82.3636076872007,309.0,150.0
3aeae8e03698ae95a25dd815,2026-06-30,2026-07-01,18.0,153.3230769230769,True,0.5365290314250897,82.26228195665297,276.0,151.0
4f17980fa2eb8efbffab01e7,2026-06-30,2026-07-12,31.0,160.3,True,0.5115888680279528,82.00769554488083,307.0,152.0
458098af1741f304235a0036,2026-06-30,2026-07-10,52.0,109.97575757575758,True,0.7431036260341823,81.72338423040166,32.0,153.0
efef43d5c0a0c447b67eb773,2026-06-30,2026-07-15,40.0,145.80972972972972,True,0.5541407943010598,80.79911944925529,231.0,154.0
8bd4a46310a42039be81a4d9,2026-06-30,2026-07-09,52.0,116.9178947368421,True,0.6871687234693947,80.34232047704485,74.0,155.0
9fc12ff0ef913d6ee28e9aea,2026-06-30,2026-07-01,43.0,126.7304347826087,True,0.6336722810306528,80.30556368470204,122.0,156.0
133c6d4682dd2634f199dbe1,2026-06-30,2026-07-06,11.0,471.97647058823526,True,0.16949621361174416,79.99822467854061,1030.0,157.0
d8523d5bededd16e3c53371d,2026-06-30,2026-07-06,12.0,406.9124999999999,True,0.19656534547951973,79.98489614243506,989.0,158.0
39dc5d9581bc25bb4f6652fa,2026-06-30,2026-07-19,47.0,137.17846153846153,True,0.5797612102149852,79.53075087696826,199.0,159.0
34e001d03a0203186ecfb2f4,2026-06-30,2026-07-24,57.0,206.7063829787234,True,0.3837988149700862,79.33366483398684,570.0,160.0
17774ea29041f466f31828a0,2026-06-30,2026-07-03,44.0,110.09577464788734,True,0.7205267360507692,79.32694916002329,45.0,161.0
fac8f8a100c81d47b2873400,2026-06-30,2026-07-07,16.0,275.40000000000003,True,0.28760502002234456,79.2064225141537,813.0,162.0
957084e31c53c64030579406,2026-06-30,2026-07-06,61.0,126.55384615384617,True,0.6250351216538357,79.10059862653004,134.0,163.0
21336a9bf151887bd50cc536,2026-06-30,2026-07-10,22.0,193.7957142857143,True,0.40796572286560995,79.06200866682865,508.0,164.0
19bb1b803d4b798f64da8b0c,2026-06-30,2026-07-06,19.0,181.71272727272725,True,0.43290714413692183,78.6647378169677,449.0,165.0
490de4a124513c3553bce534,2026-06-30,2026-07-07,17.0,302.87179487179486,True,0.258159437249947,78.18921212298395,884.0,166.0
1897e84592b67f274a7a4946,2026-06-30,2026-07-02,37.0,115.15714285714286,True,0.6751909574543117,77.75306154341723,82.0,167.0
78341b5dcc5bae714ad6859b,2026-06-30,2026-07-08,25.0,175.54285714285714,True,0.44081568285659933,77.38204444202704,433.0,168.0
c972a855e2a02712ba891e0a,2026-06-30,2026-07-10,23.0,200.10769230769228,True,0.3838737782297329,76.81609589898669,569.0,169.0
e3168f1d682a953fc1c29ae3,2026-06-30,2026-07-12,33.0,152.53333333333333,True,0.49614290234933717,75.6783307050189,336.0,170.0
1871fc598f11758b6476b9ae,2026-06-30,2026-07-11,30.0,142.26545454545456,True,0.5262379937575254,74.86548738100244,283.0,171.0
ecf5a46a009eb25841c07f2e,2026-06-30,2026-07-12,34.0,155.97818181818184,True,0.4797877821936237,74.83642592513927,364.0,172.0
ffe9a5049fbb89cce51f2bca,2026-06-30,2026-07-21,57.0,139.11157894736843,True,0.5359037881782344,74.55042213735025,277.0,173.0
6780f6f4ea1dee9749800f8c,2026-06-30,2026-07-03,11.0,210.76470588235293,True,0.3536794265341936,74.54314031011856,638.0,174.0
66b2dae5b145e2e383a75095,2026-06-30,2026-07-02,18.0,106.23225806451616,True,0.7002327676778787,74.3873080811868,60.0,175.0
b1ac4981c8d38dc7e4d21236,2026-06-30,2026-07-07,16.0,204.27857142857144,True,0.3637464437845687,74.30560389853487,617.0,176.0
e88552a0074539c70ddd6727,2026-06-30,2026-07-07,32.0,110.90769230769232,True,0.6665529569149428,73.92585025230497,90.0,177.0
58a3b4e47bbb6d6f63c20c65,2026-06-30,2026-07-15,39.0,167.1934426229508,True,0.44059125786606157,73.6639691922031,434.0,178.0
5b5f5d0e91173cf24cbf4933,2026-06-30,2026-07-09,21.0,186.13028571428572,True,0.3955123871535515,73.61683362442973,537.0,179.0
dfc42546882683bcf524035e,2026-06-30,2026-07-02,32.0,94.61379310344827,True,0.7778585889865814,73.59615160211662,18.0,180.0
9eeed20d4ba474fe066a62f0,2026-06-30,2026-07-11,20.0,299.741935483871,True,0.244575697855291,73.30959304746337,904.0,181.0
1db6128fea1d55d28a952d93,2026-06-30,2026-07-18,36.0,176.2374193548387,True,0.4157448100257567,73.26979242910703,491.0,182.0
ecb5617b61d66eb30568401f,2026-06-30,2026-07-16,50.0,120.10120481927709,True,0.609917027518783,73.251769844798,153.0,183.0
da4ba0716b348bbb1cd05e71,2026-06-30,2026-07-10,22.0,191.16666666666669,True,0.3814753224957958,72.92536581711298,574.0,184.0
936e95e0b6569d6561639161,2026-06-30,2026-07-18,45.0,229.9309090909091,True,0.31684683674267405,72.8528812148219,741.0,185.0
616c73dd5082cfa9b4561a58,2026-06-30,2026-07-14,43.0,116.82972972972973,True,0.6206479159702505,72.51012828012438,139.0,186.0
92a15f71619c1f6e5b4d306e,2026-06-30,2026-07-18,52.0,211.28181818181818,True,0.34296502974269555,72.46227505681807,667.0,187.0
50ff21db372bff546d5bb03b,2026-06-30,2026-07-08,43.0,97.51973684210526,True,0.7400779660729752,72.17220849407704,34.0,188.0
61641c992885e3be0221a511,2026-06-30,2026-07-05,16.0,160.15757575757578,True,0.44874518888744946,71.86994158508934,415.0,189.0
cd547d04b9c72c8b164e41ff,2026-06-30,2026-07-18,36.0,163.6032786885246,True,0.4384884693758545,71.73815125700251,440.0,190.0
fa582416a1079d7c33dec34c,2026-06-30,2026-07-02,27.0,105.26493506493506,True,0.6779197559593707,71.36117909029979,79.0,191.0
d4ab94eb049a9237963dc53f,2026-06-30,2026-07-06,50.0,143.7718309859155,True,0.4963039304968795,71.35452481304291,334.0,192.0
e90ceefa72b13cd3c5d47c05,2026-06-30,2026-07-14,41.0,124.24347826086957,True,0.5739771473880106,71.31291723373823,206.0,193.0
f555ddd199652fbf235eaf2d,2026-06-30,2026-07-19,38.0,226.90153846153842,True,0.3129524599227961,71.00939462180537,750.0,194.0
9494fbcd869ca8c196154c21,2026-06-30,2026-07-03,14.0,95.77499999999999,True,0.740494775218225,70.92088709652549,33.0,195.0
ec7354ea988c3fbd799b47b7,2026-06-30,2026-07-06,45.0,95.27368421052631,True,0.7443828118089131,70.92009294402602,31.0,196.0
7ac4dfec54f4a0b0524c9d49,2026-06-30,2026-07-01,29.0,93.86785714285715,True,0.7548191982910806,70.85326067387311,26.0,197.0
e51aedcef8f95c8c9696c138,2026-06-30,2026-07-04,40.0,101.16521739130435,True,0.6974089959262056,70.55353268352589,65.0,198.0
5ade6fe6f4601d662de4f7cd,2026-06-30,2026-07-12,37.0,115.42628571428574,True,0.6093918372793696,70.33983632176205,156.0,199.0
f74f16e1ca949c766483a649,2026-06-30,2026-07-01,71.0,99.8608695652174,True,0.7020271556494305,70.10504222154836,58.0,200.0
d68e6de44ffdb231aeeb73be,2026-06-30,2026-07-06,19.0,159.4548387096774,True,0.43893410765235114,69.99016733988182,439.0,201.0
429db908926146677f722766,2026-06-30,2026-07-12,23.0,212.26666666666665,True,0.3264311879855303,69.29046016972856,711.0,202.0
82e62b8cdf39da8db0d1043b,2026-06-30,2026-07-25,50.0,218.019512195122,True,0.31751783136443834,69.22508270732786,740.0,203.0
25959a5d8220bd9a9ffb00f5,2026-06-30,2026-07-04,17.0,154.5310344827586,True,0.4474982796565011,69.15237208457391,417.0,204.0
edeecc8ac9589323979c6ece,2026-06-30,2026-07-07,32.0,127.575,True,0.5418213561106927,69.12285950582162,264.0,205.0
63b3906e889506b2e22aa891,2026-06-30,2026-07-16,37.0,169.13823529411764,True,0.40752600170094005,68.92822876416459,511.0,206.0
d332668d49e740d02d8fea3f,2026-06-30,2026-07-06,12.0,365.73781512605046,True,0.1884456168025452,68.92168815944383,1004.0,207.0
a02cbdffb0e29679aa49b52b,2026-06-30,2026-07-08,17.0,224.7878787878788,True,0.30659037145556595,68.9177992562845,761.0,208.0
cca2e13c940faad6947877de,2026-06-30,2026-07-06,43.0,112.29850746268657,True,0.6125865057436404,68.79255028679329,151.0,209.0
da37f723909d7d8bb024dcb1,2026-06-30,2026-07-13,44.0,155.66594594594596,True,0.44186802526333985,68.78380413588495,431.0,210.0
2158b19b90001032266f2696,2026-06-30,2026-07-11,36.0,172.8,True,0.3952730922142886,68.30319033462906,538.0,211.0
caabced6e6accd9da3279321,2026-06-30,2026-07-15,35.0,137.46375,True,0.4956735685118986,68.1371475035275,338.0,212.0
d8af733e495fa80458fd9590,2026-06-30,2026-07-11,24.0,178.92000000000002,True,0.3774273993240489,67.52931028705883,589.0,213.0
e65d5ce54bd4972a5e5de521,2026-06-30,2026-07-12,45.0,133.9457142857143,True,0.5031471513314749,67.3944045759168,323.0,214.0
cbb9bc420e78748353be2b0f,2026-06-30,2026-07-06,20.0,155.6727272727273,True,0.43241866835477183,67.3157934264283,450.0,215.0
8e3a0c7a863bb46eb002f188,2026-06-30,2026-07-02,37.0,103.44375000000001,True,0.6483779531987526,67.07064689620347,100.0,216.0
bfe91737bc015ead9341811a,2026-06-30,2026-07-08,37.0,112.18029850746268,True,0.596848416776488,66.95463355769293,173.0,217.0
b8941b4c9b7773d3d5232653,2026-06-30,2026-07-06,12.0,306.67499999999995,True,0.21797706668655362,66.84811692609883,952.0,218.0
e65215bf1d4c33cebd012326,2026-06-30,2026-07-07,19.0,217.0741935483871,True,0.30793262306452074,66.8442258189703,759.0,219.0
78495d681eadf5e31a5f72f3,2026-06-30,2026-07-03,43.0,99.18,True,0.6736189379545392,66.8095262663312,87.0,220.0
481aad9fdce3149e4a1c3de0,2026-06-30,2026-07-10,28.0,96.07058823529411,True,0.6946764852423049,66.73797857045483,69.0,221.0
ef7f02d63b734a8c1c4e38eb,2026-06-30,2026-07-12,42.0,119.73913043478262,True,0.5565370316950202,66.63926022991677,226.0,222.0
58386f9132ad568df9981854,2026-06-30,2026-07-04,15.0,159.33120000000005,True,0.4174436374509906,66.5117956874313,484.0,223.0
4c3a834dfbae6fe55b5f1f06,2026-06-30,2026-07-06,18.0,145.3790322580645,True,0.45560718151324353,66.23573113821969,404.0,224.0
741bd06d230cf4a8374e2731,2026-06-30,2026-07-05,34.0,118.53620689655172,True,0.5583746180106823,66.18760924629727,225.0,225.0
4f6cff5c505a8edfcb998628,2026-06-30,2026-07-05,17.0,140.1857142857143,True,0.46521243672815704,65.21613773733436,385.0,226.0
740fe427d2b016b8f6c45e77,2026-06-30,2026-07-12,42.0,137.31882352941176,True,0.4734148943225637,65.00877632967524,375.0,227.0
f5222b71e551fde6312c150f,2026-06-30,2026-07-03,22.0,108.52857142857144,True,0.5983085452425813,64.93357168868414,169.0,228.0
b381c1785c3666bc3075d490,2026-06-30,2026-07-21,50.0,209.75,True,0.30800700701513734,64.60446972142506,758.0,229.0
3d89e9007f62366c283cc37f,2026-06-30,2026-07-11,27.0,191.48048780487804,True,0.3351486884852927,64.17443435832897,690.0,230.0
9df4ae5b2658ea45068431c1,2026-06-30,2026-07-14,33.0,148.0777777777778,True,0.4316955835358031,63.92452268646277,452.0,231.0
6b7739365817d54971601c84,2026-06-30,2026-07-13,50.0,128.39673913043478,True,0.49593785493419895,63.67680338489375,337.0,232.0
1f033e4b3840d8e9622887a7,2026-06-30,2026-07-12,23.0,235.1052631578947,True,0.2693357453928077,63.32225129840378,859.0,233.0
ff1de927439d99d2be134fb5,2026-06-30,2026-07-14,36.0,155.62,True,0.40540334310984916,63.08886825475473,517.0,234.0
2f146285611977b7e9addcf8,2026-06-30,2026-07-05,28.0,96.91550151975684,True,0.6505810757195409,63.051391232622215,96.0,235.0
191ed7488359ae7dfaa09873,2026-06-30,2026-07-06,15.0,125.50408163265305,True,0.4982734592093768,62.53535289999805,329.0,236.0
67400652b9b4840c40349eb8,2026-06-30,2026-07-05,40.0,105.87374999999997,True,0.5863411366817616,62.078134919760636,188.0,237.0
a05079b1841d23c6e955bafa,2026-06-30,2026-07-15,41.0,157.41633802816904,True,0.3935657761581135,61.953683256024306,543.0,238.0
3f2e7c69a5f6dd3d5a0525ef,2026-06-30,2026-07-26,55.0,176.064,True,0.35157942395379244,61.900479699000506,642.0,239.0
8d7f8e3edccdd51a392b962c,2026-06-30,2026-07-04,21.0,100.15135135135134,True,0.6177994783621328,61.87345262212754,144.0,240.0
9bf6f9831d9b1babbcbb6390,2026-06-30,2026-07-13,29.0,125.93076923076924,True,0.48792214147179774,61.4444106002677,350.0,241.0
59f9242a53526bdc1f2b3a70,2026-06-30,2026-07-09,42.0,103.0290410958904,True,0.5961846521493922,61.424333027038855,175.0,242.0
f6951894de55815a46218b8f,2026-06-30,2026-08-06,89.0,111.88235294117646,True,0.5487161453761514,61.391653441496466,245.0,243.0
16b293aee1315e6f780138b8,2026-06-30,2026-07-16,42.0,186.67938461538463,True,0.32553977675259055,60.7715651920033,713.0,244.0
a428edd2716c0094a53131e8,2026-06-30,2026-07-25,62.0,156.3181818181818,True,0.3857809281546267,60.30457326926187,560.0,245.0
9c2c6687c6f78dad386adf87,2026-06-30,2026-07-11,45.0,122.80609756097562,True,0.49022601073728944,60.20274330153145,345.0,246.0
4d64bc23990458538e0e8474,2026-06-30,2026-07-15,29.0,260.05,True,0.23046316708398093,59.93194660018924,929.0,247.0
21ba9017383edd4aa9044a6c,2026-06-30,2026-07-11,28.0,148.87499999999997,True,0.402019011180678,59.85058028952343,524.0,248.0
17d1d6ce26cc655131990b24,2026-06-30,2026-07-13,74.0,98.79344262295082,True,0.6046807657246622,59.73849453382139,161.0,249.0
fae9a0e6ea1522e90c568d33,2026-06-30,2026-07-06,15.0,165.95604395604394,True,0.35915747155938665,59.604353137251174,629.0,250.0
f936e9a5a36743a349f21213,2026-06-30,2026-07-12,32.0,138.81974025974026,True,0.42897404096047753,59.550064944304665,458.0,251.0
6ce3ae79167e5f9fd4410069,2026-06-30,2026-07-12,45.0,137.2263157894737,True,0.43339361287988076,59.47300878219543,447.0,252.0
00a8a6f30d958e6d4dd99052,2026-06-30,2026-07-08,39.0,85.32794117647059,True,0.6962682370293448,59.411135172284816,67.0,253.0
c4d45a15014c1fffe9061cc2,2026-06-30,2026-07-09,59.0,137.556,True,0.429559064248913,59.08842664182348,457.0,254.0
de38b30f53731a54c138a5d4,2026-06-30,2026-07-09,29.0,138.18542274052479,True,0.4274890479962379,59.07275481430462,461.0,255.0
d9cdb0eeb8d8c1a398c0d3a7,2026-06-30,2026-07-07,39.0,113.9690322580645,True,0.5175073701768205,58.97981416546818,294.0,256.0
003605351d5ab5d703a4b804,2026-06-30,2026-07-09,17.0,268.98214285714283,True,0.21909130247299924,58.93164802054977,949.0,257.0
52df8965fe4aa300eb8906bb,2026-06-30,2026-07-10,61.0,96.36666666666666,True,0.6105383959680463,58.83555009145405,152.0,258.0
9d477443f7e4deef3f605749,2026-06-30,2026-07-05,22.0,131.42117647058822,True,0.44703135928635523,58.74938715665902,419.0,259.0
3d433d5cc0d4cb424babea09,2026-06-30,2026-07-12,63.0,98.61621621621622,True,0.5955881951912668,58.734654232807955,177.0,260.0
cde496f34ecbf3992f4e4154,2026-06-30,2026-07-18,51.0,90.11739130434783,True,0.649749995615821,58.553774604909236,98.0,261.0
6ee9fb6bb75fccef7cc79af2,2026-06-30,2026-07-04,39.0,89.19000000000001,True,0.6540261930784973,58.33259616067118,94.0,262.0
6c74f63dba12d2379570693a,2026-06-30,2026-07-14,29.0,152.42399999999998,True,0.38173142338104016,58.18503047743166,573.0,263.0
41d74be36874355c34661776,2026-06-30,2026-07-10,40.0,107.12465753424657,True,0.5405960447042274,57.911166153308606,268.0,264.0
806d1b2f67909e7755f37edd,2026-06-30,2026-07-06,48.0,116.92317073170733,True,0.49475443086083537,57.848256789810144,339.0,265.0
bd4e95190ec6d8cc675a05be,2026-06-30,2026-07-17,33.0,170.30689655172412,True,0.33959560044024845,57.83547279359803,676.0,266.0
05364a0e8a8fef21fa98b87d,2026-06-30,2026-07-07,15.0,124.55999999999999,True,0.46367852677602267,57.75579729522138,390.0,267.0
65dfbaff584f9a3e1e4f376c,2026-06-30,2026-07-07,45.0,89.53578947368419,True,0.6437992181719541,57.643071261566554,107.0,268.0
b5eb21a540f079b35b2dba8c,2026-06-30,2026-07-15,32.0,240.544537815126,True,0.23951906335961495,57.61500239375046,912.0,269.0
a0e6e3d2b912ff76371fc5d4,2026-06-30,2026-07-12,30.0,121.35,True,0.47182209927284113,57.25561174675927,378.0,270.0
dcde825604196307a5827b11,2026-06-30,2026-07-05,40.0,72.83000000000001,True,0.785858231784604,57.23405502087272,14.0,271.0
5e23cbe3226a4cbccdab48db,2026-06-30,2026-07-11,41.0,126.52173913043478,True,0.4497317722429213,56.900845966387,411.0,272.0
822b0c675a6c59ddb703078d,2026-06-30,2026-07-05,35.0,87.85142857142857,True,0.6432252344688091,56.508255741276976,109.0,273.0
a1525bf47cf0028b6d128edd,2026-06-30,2026-07-14,37.0,97.89942857142859,True,0.5767074960528075,56.459334316429256,204.0,274.0
6df87108bec0247e80dd1e29,2026-06-30,2026-07-09,36.0,97.00615384615385,True,0.5779430323730171,56.06403071268958,201.0,275.0
4ed27f1b722b325034238558,2026-06-30,2026-07-01,40.0,99.19687499999999,True,0.5650419414692378,56.050394837681296,217.0,276.0
1d2451ea98c7d880fbfb4fb1,2026-06-30,2026-07-06,38.0,90.07714285714286,True,0.6202243358736067,55.86803610596343,142.0,277.0
865e92e0b00cb6fb10dfc92b,2026-06-30,2026-08-16,94.0,98.48098159509203,True,0.5663459348577904,55.774303587185244,216.0,278.0
024fe8b034849a18dc13abe4,2026-06-30,2026-07-10,46.0,130.7605970149254,True,0.42346975244315427,55.37315764722951,471.0,279.0
66ff73492e26c9d3360d49cb,2026-06-30,2026-07-05,26.0,109.71029900332226,True,0.5022666357809402,55.103822790919715,325.0,280.0
6b99367bdae155146a345d73,2026-06-30,2026-07-08,20.0,143.05090909090907,True,0.3849731018838994,55.07075220003897,567.0,281.0
b1f76aba03be696d2a848a6c,2026-06-30,2026-07-10,45.0,136.24714285714288,True,0.4028336964851763,54.88494019268675,520.0,282.0
e5f2592bd6fa2c2d3f483138,2026-06-30,2026-07-07,43.0,80.34146341463416,True,0.6811981981922991,54.72846011818131,78.0,283.0
926e94015de59a2925be5b97,2026-06-30,2026-07-21,66.0,155.2723404255319,True,0.34892509686965084,54.17841642415612,650.0,284.0
caa724b1fa0ddc6e5d8e1a49,2026-06-30,2026-07-15,37.0,126.63600000000001,True,0.42665509644873606,54.02989479388214,465.0,285.0
f08f07c60d5f7c9add2cf964,2026-06-30,2026-07-03,40.0,92.36250000000001,True,0.5848178590190398,54.01523950364607,192.0,286.0
f213a9064843a2eb63aedf33,2026-06-30,2026-07-13,30.0,98.50153846153846,True,0.5477501088707523,53.954228416244284,249.0,287.0
ef44afdd7e898fb2247f3c2b,2026-06-30,2026-07-13,32.0,150.82641509433964,True,0.356885738357947,53.82779651482561,631.0,288.0
54fbb29ef5ce8c90c12f2a04,2026-06-30,2026-07-27,70.0,99.29454545454546,True,0.5412288506356322,53.741072710751176,265.0,289.0
989c00cdfcb320c432e7aabb,2026-06-30,2026-07-06,28.0,95.19875776397515,True,0.5645114769357912,53.74079134779423,219.0,290.0
17ed019a26f924109cf248dd,2026-06-30,2026-07-04,20.0,83.35542857142859,True,0.643239723588273,53.61752283386776,108.0,291.0
f7cf3b9f49fa3b991639425a,2026-06-30,2026-07-08,20.0,146.015625,True,0.3670209917804303,53.59079950293939,611.0,292.0
4a61b16104d83fab9ed27616,2026-06-30,2026-07-10,56.0,88.32857142857144,True,0.6053733535885554,53.471763503400545,160.0,293.0
85955ecbc614192c4f13cc70,2026-06-30,2026-07-13,26.0,170.92799999999997,True,0.3126988571358797,53.44899025252163,752.0,294.0
347e08355cb8d3b853914e4f,2026-06-30,2026-07-14,56.0,104.97096774193548,True,0.5063867667656805,53.15590895910326,315.0,295.0
7784d6c2ccfd488d1ff7266f,2026-06-30,2026-07-22,78.0,174.571875,True,0.3040215195230127,53.07360670348144,770.0,296.0
60390f666045d4171fa0c837,2026-06-30,2026-07-10,26.0,139.05142857142857,True,0.38053407610651474,52.9138069027196,581.0,297.0
eff4812e8fcc4cf4ef579663,2026-06-30,2026-07-07,20.0,117.49714285714288,True,0.4495999498474135,52.82670953578582,412.0,298.0
27d2438e59f6c7cbbc5cfc0e,2026-06-30,2026-07-06,17.0,139.5272727272727,True,0.377811217295704,52.71496875504058,588.0,299.0
f9025618db0d242ae74d85d4,2026-06-30,2026-07-22,74.0,164.07692307692307,True,0.32119672560639045,52.70097043987929,729.0,300.0
c5b543edd8d25dc001a54799,2026-06-30,2026-07-03,20.0,87.83225806451614,True,0.5966963328485502,52.40918629290428,174.0,301.0
11ade613ad60f7dfc5de79a8,2026-06-30,2026-08-04,76.0,177.27022900763362,True,0.29553996755048856,52.39043772858371,792.0,302.0
ef4492cb59b43fb6be1102d1,2026-06-30,2026-07-11,44.0,114.0986842105263,True,0.45485957917670355,51.898879484615584,407.0,303.0
92a6a597ba406c6d52a0ee7b,2026-06-30,2026-07-07,37.0,89.87815384615385,True,0.5749990159671489,51.67985001848248,205.0,304.0
fed3691a2705622dc23d0967,2026-06-30,2026-07-16,39.0,115.80000000000001,True,0.44522936130156154,51.55756003872083,426.0,305.0
bf35f62f8d035a5634d18741,2026-06-30,2026-07-12,48.0,114.80963855421686,True,0.44887320275080067,51.534970164493124,414.0,306.0
a29cef8b691b6ac1dabc077f,2026-06-30,2026-07-09,19.0,199.88400000000001,True,0.25699925971199633,51.370040028272676,886.0,307.0
31c8efc0e8d4c8f7c1af2e22,2026-06-30,2026-07-09,16.0,390.97926421404685,True,0.1311448297163063,51.27490902795791,1050.0,308.0
c956282d22f5b760eef096a7,2026-06-30,2026-07-08,32.0,90.29999999999998,True,0.5635003227721095,50.884079146321476,221.0,309.0
d4572048129ab22d810a00b9,2026-06-30,2026-07-13,40.0,110.98,True,0.4570971311804392,50.72863961840515,399.0,310.0
5cf7a75d6e7b616887fcaf21,2026-06-30,2026-07-10,20.0,215.15625,True,0.2347196942753467,50.501409221430066,920.0,311.0
a9405250b4a6c619257a00a3,2026-06-30,2026-07-08,16.0,217.55769230769232,True,0.23089431549378195,50.23283444579145,928.0,312.0
b5ed8d5fa5ac0d4f88149306,2026-06-30,2026-07-13,27.0,184.54891304347825,True,0.27179542688539515,50.159550601887844,850.0,313.0
bcee3f750a81e7ebdacef8e1,2026-06-30,2026-07-01,52.0,127.51666666666665,True,0.3928993229315478,50.101211995821195,545.0,314.0
b2c06ff2a1c702ca9af7c556,2026-06-30,2026-07-24,58.0,97.28275862068966,True,0.5131895627178711,49.92449635653993,304.0,315.0
b187ce9a86990fa78469689b,2026-06-30,2026-07-14,24.0,280.15,True,0.17798456686142963,49.86237640622951,1021.0,316.0
2c879716fc6dd42dd8f48e08,2026-06-30,2026-07-11,21.0,225.11314285714286,True,0.2211631045584903,49.78672155120465,943.0,317.0
277167a453dc99e587adb1d0,2026-06-30,2026-07-09,56.0,83.91844660194175,True,0.5931485617846028,49.776105909139744,182.0,318.0
dae80f10e0b2b73126893e0c,2026-06-30,2026-07-15,32.0,153.63157894736844,True,0.3234060266210638,49.685378510888704,724.0,319.0
3349eebcf022445482bc965c,2026-06-30,2026-07-13,61.0,73.26990291262136,True,0.67490788380612,49.45043512143715,83.0,320.0
c2c592fad4cfaa53434c3494,2026-06-30,2026-07-07,42.0,79.225,True,0.6222376504601829,49.29677785770799,137.0,321.0
5883a3cfec54fd46141cb47f,2026-06-30,2026-07-14,34.0,114.86896551724136,True,0.4286354188740513,49.23690715011171,459.0,322.0
f6dec443ef48b3ba72be2af3,2026-06-30,2026-07-11,58.0,81.73125,True,0.6001023786449035,49.047117534621265,166.0,323.0
6d25f097cf55ceb5509f8c7c,2026-06-30,2026-07-15,59.0,93.7939393939394,True,0.5228829766317771,49.043254220323526,291.0,324.0
2b2dd64b84570dc3c47d7752,2026-06-30,2026-07-08,46.0,92.87205882352941,True,0.5278366191296854,49.02127354102503,282.0,325.0
1945aa65939e4e27ff5069a3,2026-06-30,2026-07-10,33.0,159.8081632653061,True,0.3059664978112227,48.895944035929794,764.0,326.0
51fbc402458359ef19697840,2026-06-30,2026-07-12,27.0,172.13571428571427,True,0.2838573831967669,48.86199341184918,821.0,327.0
903216242b710a448928d3db,2026-06-30,2026-07-06,29.0,78.9625,True,0.6178802780019982,48.789371451732784,143.0,328.0
8dc2fe53892af468eec39ea3,2026-06-30,2026-07-21,47.0,145.30153846153846,True,0.33562758732848647,48.76720478896343,688.0,329.0
f772a7ddc966242fe9800fab,2026-06-30,2026-07-05,35.0,77.69508196721313,True,0.6259325682231195,48.63188219404349,133.0,330.0
e0a3ed80111252ab5c5a18e4,2026-06-30,2026-07-11,32.0,99.59,True,0.48740042882155676,48.54020870633884,351.0,331.0
a7badca8e0c3d0de6cbd022a,2026-06-30,2026-07-13,45.0,99.40135135135135,True,0.4879338474273679,48.50128380434446,349.0,332.0
6ae3e6be10994358f0ebebcc,2026-06-30,2026-07-14,31.0,153.4,True,0.31549948416338836,48.39762087066377,746.0,333.0
aa05592d2e03ed79146d3e0a,2026-06-30,2026-07-11,38.0,85.61552238805972,True,0.564989902297903,48.371905629213785,218.0,334.0
01fa0a787fdbdb776c5580e0,2026-06-30,2026-07-05,39.0,69.63,True,0.6946667118477872,48.36964314596142,70.0,335.0
37b136152de27ea57ce3ac39,2026-06-30,2026-07-19,38.0,149.59125,True,0.3215288221561088,48.09789841736001,728.0,336.0
2325c9140dc07a4c452bae52,2026-06-30,2026-07-10,23.0,146.12631578947367,True,0.32832276031872204,47.97659535520525,706.0,337.0
788d061cd27e22566c0605e8,2026-06-30,2026-07-18,34.0,105.32631578947368,True,0.45507370408066083,47.93123666348518,406.0,338.0
b7c3bd54f374ee3bd05a4de4,2026-06-30,2026-07-13,34.0,112.03636363636365,True,0.4271175308515501,47.85269500195003,463.0,339.0
79d6e20455726744e054243d,2026-06-30,2026-07-07,14.0,218.96470588235294,True,0.21839906429112924,47.821686877488204,951.0,340.0
c45dbb062bfa5b4bff46316f,2026-06-30,2026-07-11,30.0,98.93076923076923,True,0.48294252734995996,47.777875724983346,360.0,341.0
944c79fee7297b62efd33f7b,2026-06-30,2026-07-12,73.0,107.56030534351146,True,0.4440857602733797,47.76599997371015,427.0,342.0
44ec7043d5bf7c0e30166922,2026-06-30,2026-07-04,50.0,69.85714285714286,True,0.6832530267304563,47.730104295884736,77.0,343.0
3be0248d9392c991fa9b9f36,2026-06-30,2026-07-04,21.0,84.36705882352942,True,0.5639275701416732,47.57691048235255,220.0,344.0
5da108b8ad90dbedeac489cb,2026-06-30,2026-07-07,40.0,67.96051948051947,True,0.6990344956105127,47.50674745649334,63.0,345.0
0a65ad0b642de48957dc3829,2026-06-30,2026-07-05,18.0,115.8896103896104,True,0.40821683257796654,47.30808968194136,507.0,346.0
b58beddbffe0242dd225b56a,2026-06-30,2026-07-06,30.0,67.45876010781672,True,0.6992699983796942,47.17188707128917,62.0,347.0
3d90fde9c789a412489aaa7e,2026-06-30,2026-07-12,26.0,277.3368421052631,True,0.16926534016225148,46.94351491847198,1031.0,348.0
d07d7f8c8c5dd3ca8acdf006,2026-06-30,2026-07-09,29.0,95.61600000000001,True,0.4899598400762494,46.84800006873067,346.0,349.0
66f9212693aa30528f70aeec,2026-06-30,2026-07-23,62.0,106.30967741935484,True,0.4390643020868418,46.67678432120631,437.0,350.0
9f7ecd914d78fcb81ce9ae54,2026-06-30,2026-07-15,41.0,122.39117647058825,True,0.37932616378963946,46.42617545228902,583.0,351.0
0ca37ef3f38978b24fa4f078,2026-06-30,2026-07-11,44.0,91.25526315789473,True,0.5076872079583977,46.32912976414041,313.0,352.0
f125d1b7d0b929d7cadd467f,2026-06-30,2026-07-12,24.0,128.61899999999997,True,0.360057605653298,46.31024918152152,625.0,353.0
97ebdf244b135c266e1099b3,2026-06-30,2026-07-08,29.0,85.15384615384615,True,0.5438218467318333,46.308521871703036,261.0,354.0
db37ea12675bfe6b552322e5,2026-06-30,2026-07-18,44.0,100.61506849315069,True,0.4600814237280565,46.291123960824685,397.0,355.0
57d4b1095439d09796931ccc,2026-06-30,2026-07-27,55.0,103.5586956521739,True,0.4455172333601935,46.13718357734681,425.0,356.0
6230ce3a069e37c87c1863cf,2026-06-30,2026-07-10,21.0,208.54431818181817,True,0.22037688799710708,45.958347850387604,945.0,357.0
3f0754891b698e31033baa03,2026-06-30,2026-07-06,36.0,73.23157894736842,True,0.6271256126365378,45.9253988117094,132.0,358.0
d562d8eed9ad43b5e186b46c,2026-06-30,2026-07-06,12.0,197.08872180451127,True,0.23258335671478042,45.83955648791876,925.0,359.0
6ed557c4b5e7abe0c146169b,2026-06-30,2026-07-09,41.0,73.59599999999999,True,0.6225395246408805,45.81641885547023,136.0,360.0
240f5c8d5e5a823923682928,2026-06-30,2026-07-07,42.0,71.93835616438356,True,0.6365287602396417,45.790832662992855,118.0,361.0
290ef6eb9bafb3006aa4067e,2026-06-30,2026-07-09,29.0,134.18571428571428,True,0.34104964586403025,45.7639903371548,671.0,362.0
44172cfe45f129a2a28b7db7,2026-06-30,2026-07-28,66.0,103.2,True,0.44287588344701445,45.70479117173189,430.0,363.0
6e0b3b815d3b0b82bbaf9d3e,2026-06-30,2026-07-10,37.0,82.13294117647058,True,0.5531241853666352,45.42971618000106,236.0,364.0
2e7da7cc004d860a050ebb37,2026-06-30,2026-07-12,27.0,146.2918604651163,True,0.3100350982574323,45.3556113335649,756.0,365.0
252639df7254dede0f160590,2026-06-30,2026-07-04,22.0,73.81153846153845,True,0.6134346914392206,45.278558320808,149.0,366.0
6f6d1413df8c54c2914157fb,2026-06-30,2026-07-08,17.0,138.13516483516486,True,0.32686725086644886,45.151861577654095,709.0,367.0
93a69924359cc5f267b52afb,2026-06-30,2026-07-15,42.0,94.40228571428572,True,0.47673119780299694,45.00451474391218,369.0,368.0
c1e9b43832285eb4f9727991,2026-06-30,2026-07-27,55.0,143.71935483870968,True,0.312760280488613,44.94970573099734,751.0,369.0
02e2c2c4194f5487adf1e4b8,2026-06-30,2026-07-26,68.0,122.85128205128207,True,0.365487526574581,44.9006112134393,615.0,370.0
5d82a4940b2ee78db2588873,2026-06-30,2026-07-14,29.0,137.214,True,0.32719518729596747,44.89576042962888,708.0,371.0
4491233a7553ce4d452f142d,2026-06-30,2026-07-26,57.0,76.37938144329897,True,0.5808850004356512,44.36763702296549,196.0,372.0
c3631395080f06d5a233029e,2026-06-30,2026-07-03,69.0,101.37413793103448,True,0.43665952796389584,44.265983216712385,441.0,373.0
9b5424fc9c2f2fbcf7e612aa,2026-06-30,2026-07-01,44.0,62.064705882352946,True,0.7117710675011092,44.175861960024726,50.0,374.0
69341e9a9e9060c3bf05aed5,2026-06-30,2026-07-18,58.0,113.31958762886597,True,0.3889789316551349,44.07893213147673,554.0,375.0
022da4f2f7c7cfefbd1d0195,2026-06-30,2026-07-15,67.0,124.04482758620689,True,0.3550630292394448,44.04373224424327,635.0,376.0
dafa73df6f322d4dc24bf2bd,2026-06-30,2026-07-25,47.0,105.13199999999999,True,0.41726923670091604,43.8683493928407,485.0,377.0
77ce4df10f4f3ff94cdd2e56,2026-06-30,2026-07-17,38.0,85.18235294117646,True,0.5147537696278058,43.8479372822368,301.0,378.0
2a5db8bb3146b681ab3930e3,2026-06-30,2026-07-15,35.0,78.83368421052633,True,0.5547893906504753,43.7360916258899,230.0,379.0
0282785d7e3ede9469f6738f,2026-06-30,2026-07-03,26.0,68.11295681063123,True,0.6401398893775951,43.601820637938395,114.0,380.0
cafc226335dcc756b9a3998b,2026-06-30,2026-07-13,34.0,84.9864406779661,True,0.5120108599097234,43.51398057219212,306.0,381.0
9a3756a8f0a5a504aa54f074,2026-06-30,2026-07-07,14.0,164.88701298701295,True,0.2630814724652941,43.37871816702744,879.0,382.0
afbec77c65e606104f6a9cc5,2026-06-30,2026-07-02,32.0,52.62,True,0.8205081765163944,43.17514024829267,5.0,383.0
cd5a1875c85d60d2eacb5f97,2026-06-30,2026-07-20,53.0,112.79325842696629,True,0.3807350227163115,42.944343809437804,579.0,384.0
e7c0883a1a0b615cfcaac178,2026-06-30,2026-07-07,26.0,107.87441860465117,True,0.39780844238963015,42.91335443880322,529.0,385.0
b0098236acce3f8541c49d08,2026-06-30,2026-07-14,40.0,101.43870967741935,True,0.4227119734291808,42.87935714985168,474.0,386.0
f72a1d7dfe520e5482b4244e,2026-06-30,2026-07-01,54.0,53.324999999999996,True,0.8027745086070994,42.80795067147357,12.0,387.0
7474e35a448bd9422c51fc7d,2026-06-30,2026-07-03,23.0,55.93469387755103,True,0.7620626278836165,42.625739806192165,24.0,388.0
b957914474c4175d8841a91a,2026-06-30,2026-07-06,14.0,118.14230769230768,True,0.36077803843422473,42.62315002532338,623.0,389.0
31c867aa281e91d946b81578,2026-06-30,2026-07-08,22.0,89.97894736842105,True,0.4736432404438067,42.61792020330168,374.0,390.0
24df47c085152061807e1074,2026-06-30,2026-07-06,15.0,140.77500000000003,True,0.3022879901878418,42.55459181869344,779.0,391.0
2e3d0783b2fdb3e72fb1d865,2026-06-30,2026-07-25,54.0,126.02093023255816,True,0.33753182309897567,42.53607433002418,683.0,392.0
03534dcbe000eac103a44318,2026-06-30,2026-07-28,54.0,115.98352941176469,True,0.36616608613609997,42.469235020957115,612.0,393.0
38105523ba9e34caf77989b7,2026-06-30,2026-08-13,78.0,120.77000000000001,True,0.350541965108917,42.33495312620391,644.0,394.0
da666ec2c74fd5cfb7afe19b,2026-06-30,2026-07-07,16.0,169.528125,True,0.24960197811725174,42.31455534650871,897.0,395.0
4982a3415d2fa58295397f4f,2026-06-30,2026-07-23,68.0,132.39642857142857,True,0.3163922115273659,41.88919883403922,743.0,396.0
142cc6e60a34b4658894f3fe,2026-06-30,2026-07-05,44.0,62.07882352941178,True,0.6738159142301456,41.829699230802476,85.0,397.0
53f3b98d9c4a19bd767643d7,2026-06-30,2026-07-18,33.0,135.53854447439355,True,0.30567871104077254,41.431247571275044,766.0,398.0
c4efc0c4e5b678741f48a918,2026-06-30,2026-07-04,24.0,56.271428571428565,True,0.7355471518154979,41.39028901430351,37.0,399.0
de52ccb4796291dd473b52d0,2026-06-30,2026-07-11,35.0,83.27172413793103,True,0.4969238434645197,41.37970521053791,332.0,400.0
b13e27b49a5b6fbfbbea89fe,2026-06-30,2026-07-26,63.0,176.953125,True,0.23225718124563155,41.098634025105895,926.0,401.0
a775a384ae15e1c0bc39449f,2026-06-30,2026-07-05,20.0,85.6575,True,0.47701974514950973,40.86031882014413,368.0,402.0
e077c6ad2d041b5f935d1651,2026-06-30,2026-07-19,52.0,117.03033707865171,True,0.34858072834532167,40.79452013737492,653.0,403.0
8a2aaf95b6a83123ef8143d4,2026-06-30,2026-07-11,29.0,116.30106382978724,True,0.350185418986493,40.726936765808915,646.0,404.0
6e35b7540c4966d41ea43555,2026-06-30,2026-07-03,47.0,62.43896103896104,True,0.6500012182180943,40.58540073959681,97.0,405.0
6820f1e97e0595700cddafa1,2026-06-30,2026-07-17,43.0,84.8736,True,0.47811735359767954,40.579541022308014,367.0,406.0
0141d65f48f8327ab208194a,2026-06-30,2026-08-11,78.0,87.40312499999999,True,0.46178358579171813,40.36132847190176,395.0,407.0
3ed128ee01fe13d3c8e52d34,2026-06-30,2026-07-16,43.0,98.96625,True,0.407683960989147,40.34695280424217,509.0,408.0
ef90f844241b783f26705e59,2026-06-30,2026-07-01,38.0,62.57419354838709,True,0.6422745440406151,40.18981162999952,112.0,409.0
53c84145d527adbba2d62eec,2026-06-30,2026-07-10,28.0,103.4049689440994,True,0.38662200569903676,39.97863649241432,559.0,410.0
4a29c06a6acfcd0cc43ac052,2026-06-30,2026-07-07,27.0,59.14285714285714,True,0.6744518850232145,39.889011485658685,84.0,411.0
b1753be2f907aab8471c3b50,2026-06-30,2026-07-14,58.0,77.13461538461539,True,0.5167883255412032,39.86226872588012,297.0,412.0
e2b04286f543a0ab303b870e,2026-06-30,2026-07-17,32.0,148.806,True,0.26720964147869514,39.762397909878715,866.0,413.0
4b83d82a9648335589c85db9,2026-06-30,2026-07-17,46.0,97.31647058823529,True,0.4074512204370978,39.6517147098074,512.0,414.0
3a34ae5b24ab7cc57a902401,2026-06-30,2026-07-11,36.0,85.10896551724137,True,0.46518241558652806,39.59119416738086,386.0,415.0
d075a3e997e5243fdaf247a1,2026-06-30,2026-07-07,45.0,68.01617647058823,True,0.5812743475329726,39.536058599628696,194.0,416.0
c40e887756aefce62edf173c,2026-06-30,2026-07-06,45.0,66.83571428571429,True,0.5910998893326727,39.50658331775585,184.0,417.0
ffce555b7635ad737098d611,2026-06-30,2026-07-15,55.0,96.11052631578947,True,0.4105995636685664,39.46294016921943,503.0,418.0
7997c3b76efdfda870a3d05a,2026-06-30,2026-07-15,49.0,87.92068965517241,True,0.4469528488185417,39.29640271147019,420.0,419.0
3b38bdfccb1646f2e745b340,2026-06-30,2026-07-25,59.0,115.24615384615383,True,0.3402322285340968,39.21045575306029,673.0,420.0
1b04c1827d2143587c5dbf62,2026-06-30,2026-07-15,55.0,77.83846153846154,True,0.5035159485399182,39.192906794426406,322.0,421.0
9956d2be7b6692b8c7bce4b0,2026-06-30,2026-07-03,55.0,44.27608695652174,True,0.8841151419459446,39.1451589043762,1.0,422.0
48fc27101f950b5f21400f58,2026-06-30,2026-07-15,37.0,98.95164179104479,True,0.393359591484554,38.9235773916513,544.0,423.0
a0a47b854a4283fd41e32f7b,2026-06-30,2026-07-07,33.0,78.18428571428572,True,0.4976810325136202,38.910836040625604,330.0,424.0
249f47f10d461fe0dc69ac08,2026-06-30,2026-07-04,11.0,116.97777777777779,True,0.32990542873252565,38.591603929955895,699.0,425.0
e5d791ef4bc6f2d19ba24738,2026-06-30,2026-07-18,41.0,106.848,True,0.3598711616555824,38.45151388057567,627.0,426.0
fee2820c7cc32c93f759e174,2026-06-30,2026-07-06,45.0,64.68088235294118,True,0.5936863051551251,38.40015405829099,181.0,427.0
f79425f301826c6e18d58835,2026-06-30,2026-07-13,27.0,106.340625,True,0.3595877865527056,38.23878996438131,628.0,428.0
d61b4beb4b90e0b140bcae68,2026-06-30,2026-07-03,20.0,70.17428571428572,True,0.5429555714982647,38.10151940448251,263.0,429.0
881afe48dcf1077ac7170f31,2026-06-30,2026-07-16,39.0,171.0105263157895,True,0.22254784174161607,38.05802354667679,942.0,430.0
b107abf88afce74c04e60983,2026-06-30,2026-07-10,21.0,169.8342857142857,True,0.223976980678704,38.03897053001006,940.0,431.0
ff1606b8d02902831cee1a93,2026-06-30,2026-07-12,34.0,90.28800000000001,True,0.42094544535870243,38.00632237054653,477.0,432.0
ce475faf65e00841ecd44ec9,2026-06-30,2026-07-02,48.0,68.61081081081082,True,0.5532512669080618,37.959018004670426,235.0,433.0
812952dabaea4307d5af1bfe,2026-06-30,2026-07-17,55.0,109.92717391304349,True,0.34467054140920345,37.88865854819237,663.0,434.0
26d1eb1a4274612eb71882de,2026-06-30,2026-07-31,71.0,108.29142857142857,True,0.34874685162672897,37.766294772446514,652.0,435.0
d1fff76446573a52707f41d5,2026-06-30,2026-07-12,25.0,97.06829268292684,True,0.3890061842354287,37.76016614683316,553.0,436.0
c7aac2c2f771a50587ca09f2,2026-06-30,2026-07-09,67.0,131.77358490566039,True,0.28598692435888096,37.68552225891367,815.0,437.0
9985de01ebdf9d49a3eaffb3,2026-06-30,2026-07-02,22.0,48.553846153846145,True,0.7754571805535048,37.65142864349016,19.0,438.0
fe81b473c2952e17363e1b3b,2026-06-30,2026-07-24,47.0,92.59373493975903,True,0.4062389930571458,37.61518564532797,515.0,439.0
5d32ffd7a8ea083f50d64a26,2026-06-30,2026-07-17,32.0,139.022102425876,True,0.2695147017752231,37.468500475474485,858.0,440.0
c9575f653511a8c64cf470f1,2026-06-30,2026-07-04,82.0,82.78860759493672,True,0.45130112612256457,37.36259183771404,410.0,441.0
3a75bb0c7cf02ae26cb79e6e,2026-06-30,2026-07-30,65.0,90.49354838709677,True,0.41271946203805576,37.34844860823735,499.0,442.0
ce287d00a9fc79b5cdd9e217,2026-06-30,2026-07-12,53.0,98.46428571428571,True,0.37911777616274756,37.32956103145339,584.0,443.0
db2ea1159fc90366a7a088e0,2026-06-30,2026-07-10,38.0,68.16,True,0.5474427926754427,37.31370074875817,252.0,444.0
2057a71937a9eaeaf3856834,2026-06-30,2026-07-09,24.0,127.70454545454544,True,0.2917489202266373,37.25766324439715,801.0,445.0
1f6c70725243d2935971f6a2,2026-06-30,2026-07-17,51.0,78.15555555555557,True,0.4766640370185455,37.253942626538326,370.0,446.0
60f980e02e265ed2b7976fbf,2026-06-30,2026-07-03,39.0,55.56375,True,0.6695451960803754,37.20244188871096,88.0,447.0
11fd50024d8a6b61bdfa926d,2026-06-30,2026-07-11,29.0,122.4,True,0.30374895939301233,37.17887262970471,771.0,448.0
fbec245a4e01e92598b152fa,2026-06-30,2026-07-10,21.0,115.99411764705881,True,0.32011060437375566,37.130947103800516,736.0,449.0
01156539fc5e9a7ca1b2019d,2026-06-30,2026-07-06,39.0,60.125,True,0.6157573648549226,37.022411561902224,147.0,450.0
8a536c7c9896389158e3e34b,2026-06-30,2026-07-29,71.0,104.80373831775701,True,0.35230118575197183,36.92248128058516,641.0,451.0
755c60225f143948aa39cf1c,2026-06-30,2026-07-15,44.0,88.6572972972973,True,0.41454234255214556,36.75220370596363,493.0,452.0
320a405abf865ea2bb2cf28b,2026-06-30,2026-07-10,35.0,84.20338983050847,True,0.4364476109008224,36.75036832127603,442.0,453.0
54e7d39ac32d6da1b3516c91,2026-06-30,2026-07-15,38.0,160.38947368421051,True,0.2287567059379067,36.69016766711457,934.0,454.0
cfa8a401b32aa68a9be7f3a9,2026-06-30,2026-07-13,30.0,68.90357142857144,True,0.5303286897558903,36.54154075521569,281.0,455.0
444edec1fbcf3a523f3b7abf,2026-06-30,2026-07-20,64.0,79.06229508196722,True,0.45854769944703283,36.25383352283853,398.0,456.0
545afef09b91fb4705e0bd0e,2026-06-30,2026-08-06,92.0,109.37647058823529,True,0.3306528236279178,36.165638838455905,697.0,457.0
44f1f44d1261db33baa27287,2026-06-30,2026-08-03,73.0,61.63165467625899,True,0.5862938050849518,36.134257333825644,189.0,458.0
4a4c7690b63d71c9e98bbe32,2026-06-30,2026-07-15,29.0,153.424584717608,True,0.2345531540439955,35.98622025340515,921.0,459.0
36421667f9997af215c62ea0,2026-06-30,2026-07-24,55.0,66.12815533980583,True,0.5403015478066636,35.729144683696575,270.0,460.0
68a78c8bed986e124fdb05f7,2026-06-30,2026-08-14,93.0,106.520245398773,True,0.3347693514130159,35.65971346450253,692.0,461.0
320a08e8864eba3f6b10718b,2026-06-30,2026-07-13,40.0,77.80173913043478,True,0.45628373931538835,35.499668455675156,401.0,462.0
156bd60192324b5822e4bfc0,2026-06-30,2026-07-15,52.0,85.49333333333334,True,0.4147607172680527,35.45927625497006,492.0,463.0
4d644a694a4df1d7334c40bb,2026-06-30,2026-07-08,47.0,62.068235294117656,True,0.5704882924373766,35.409201567542496,213.0,464.0
e361cd47510bfe7d4c779122,2026-06-30,2026-07-18,48.0,70.28999999999999,True,0.5035484475020333,35.39442037491792,321.0,465.0
def12ec5e730a3b349646b44,2026-06-30,2026-07-06,29.0,59.226822157434405,True,0.5958869936560801,35.2924929991969,176.0,466.0
860d40e4d2d7dd34438969cd,2026-06-30,2026-07-08,27.0,63.385714285714286,True,0.5502301555227656,34.87673142935015,242.0,467.0
471dbe47385ca8b1d33e3289,2026-06-30,2026-07-26,47.0,129.972,True,0.26800219029405214,34.83278067689855,863.0,468.0
5345b173c5cac7d778d8fce7,2026-06-30,2026-07-04,20.0,55.001250000000006,True,0.631961331495338,34.75866318390796,127.0,469.0
3a8c4b7c32077d624f7610e4,2026-06-30,2026-07-20,53.0,91.82168674698795,True,0.3768567219122434,34.60361986792276,590.0,470.0
032530af0549fd5cedb524be,2026-06-30,2026-07-08,25.0,62.31999999999999,True,0.5550689471055038,34.59189678361499,229.0,471.0
5955baac9e4f9dfcd6c76765,2026-06-30,2026-07-17,42.0,83.31044776119403,True,0.4143261870520655,34.51770016249581,494.0,472.0
9f6a131e9388c1439f7d2901,2026-06-30,2026-07-09,35.0,60.28500000000001,True,0.5721763456027721,34.49365099466312,210.0,473.0
1832c613fdce0efa065294de,2026-06-30,2026-07-18,37.0,106.7820895522388,True,0.3223865761763778,34.42511224770563,725.0,474.0
3e565f0d396f61e48113848e,2026-06-30,2026-07-26,56.0,105.61304347826085,True,0.32540483308736046,34.36699478489162,715.0,475.0
b274cd7f79ef30dc3b0e2d7a,2026-06-30,2026-07-21,44.0,93.15243243243243,True,0.3688716721205231,34.361293513445396,606.0,476.0
45ceee82eab291a9afd16ef5,2026-06-30,2026-07-20,51.0,83.36629213483145,True,0.4110514521509991,34.26783544246688,501.0,477.0
b86a6428fb93730dcbe29fbe,2026-06-30,2026-07-15,57.0,44.46382978723404,True,0.76969585784101,34.223625610981756,21.0,478.0
90bddbcfd54f2ec8a0ce5b5e,2026-06-30,2026-07-05,29.0,67.48636363636363,True,0.5064115907768882,34.17587676483845,314.0,479.0
55e57804386df15ec166fc6b,2026-06-30,2026-07-05,46.0,45.356962025316456,True,0.7533111314571002,34.167904382747864,27.0,480.0
13762a9ae3f0371b2bf6b417,2026-06-30,2026-07-13,38.0,66.24,True,0.5155277966124465,34.148561247608455,299.0,481.0
95b6254f86208a0d80cb2cf6,2026-06-30,2026-07-21,39.0,161.04375000000002,True,0.21197354569948818,34.137014700241956,962.0,482.0
98d3af4791354fe417492cee,2026-06-30,2026-07-09,47.0,62.20125000000001,True,0.5481256276725778,34.094099198268935,248.0,483.0
df458b265cd30d52118323b9,2026-06-30,2026-08-06,71.0,57.89268292682927,True,0.5850501325510704,33.87012182007856,191.0,484.0
40a016c36d27d3a6b89fb130,2026-06-30,2026-07-09,80.0,56.925,True,0.5943941207554873,33.835885324006114,180.0,485.0
0664b8d3d9432d21fa598d01,2026-06-30,2026-07-30,84.0,69.79999999999998,True,0.48449180009904147,33.817527646913085,354.0,486.0
5aa7657539feff9d29d64aba,2026-06-30,2026-07-24,45.0,106.41176470588236,True,0.3161548721982204,33.64259787097534,744.0,487.0
ae643ad75d598569fd82f64d,2026-06-30,2026-07-09,46.0,58.575,True,0.5735830677063956,33.59762819090212,209.0,488.0
4629e1e41e37714bddbf3412,2026-06-30,2026-08-04,73.0,92.82239999999999,True,0.3612808883551625,33.534959131258226,621.0,489.0
c6c4f89d933a5a19f4da2372,2026-06-30,2026-07-15,48.0,82.25064935064935,True,0.4065737182741703,33.44095233695848,514.0,490.0
3f551a9f10dc44301a0d4af6,2026-06-30,2026-07-03,35.0,44.78857142857142,True,0.7466069844943949,33.439460254097526,29.0,491.0
c7a8f7ac7288f8f1ea8fa5cb,2026-06-30,2026-07-07,46.0,61.06829268292684,True,0.5467273037937564,33.38770300582458,253.0,492.0
28dea5fede139f66aa9e1377,2026-06-30,2026-07-22,60.0,57.43928571428572,True,0.5810168373559611,33.373192125699724,195.0,493.0
548c9d17899c38a946e2b08c,2026-06-30,2026-07-10,33.0,94.68907563025209,True,0.35244229072934885,33.37243472217061,640.0,494.0
9a668daacd61c170d7136104,2026-06-30,2026-07-06,18.0,109.06813186813189,True,0.3057404305268395,33.34653759412075,765.0,495.0
d02a31122e88078219a1e6c4,2026-06-30,2026-07-19,42.0,45.488,True,0.7326564787577878,33.32707790573425,39.0,496.0
ac3f5556ee45a68cd434c004,2026-06-30,2026-08-14,88.0,78.72156862745099,True,0.4228953976581173,33.29098906897666,473.0,497.0
513893b1586ea066ee3aae6b,2026-06-30,2026-07-10,20.0,123.62625000000001,True,0.26898068212050685,33.253073053000314,860.0,498.0
9a31d8c091d6600d68037856,2026-06-30,2026-07-15,57.0,73.80594059405941,True,0.44667332617827943,32.967144976865015,422.0,499.0
172d086478aee5439636c2db,2026-06-30,2026-07-12,28.0,118.14,True,0.27866045132061634,32.92094571901762,832.0,500.0
180c643a79b1ad3b1288e86b,2026-06-30,2026-08-20,88.0,75.23731343283582,True,0.43589624405386224,32.79566233807633,444.0,501.0
bb3438d6262f3ddd16b24a69,2026-06-30,2026-07-13,44.0,82.92821917808219,True,0.39387142121488516,32.663055546490725,542.0,502.0
d4459e8996d0df5ab0a52f88,2026-06-30,2026-07-11,42.0,45.55479452054795,True,0.7110976311927115,32.39390647303236,53.0,503.0
a3abf04ecf9663b99ec43af1,2026-06-30,2026-07-29,78.0,83.73913043478261,True,0.38675424100494077,32.38646383371808,558.0,504.0
21142792f16cfbe08c498120,2026-06-30,2026-07-26,64.0,109.75636363636364,True,0.2948901574238053,32.366071350991696,795.0,505.0
e9d8d151fcda77d813297db9,2026-06-30,2026-08-10,91.0,80.23216783216783,True,0.40306984132194745,32.339167157027745,519.0,506.0
c06c6272fac55b73aa3d540c,2026-06-30,2026-08-07,78.0,74.2468085106383,True,0.43537081053504684,32.32489320091701,445.0,507.0
83e2cb0d2bf9adc82b4962b0,2026-06-30,2026-07-12,56.0,46.77525773195877,True,0.6910257046043866,32.32290543227859,72.0,508.0
655ff3d01343a5636220b807,2026-06-30,2026-07-21,79.0,58.334399999999995,True,0.553384890323922,32.281375546111796,234.0,509.0
e34e1645c52d4e5a47ece7ee,2026-06-30,2026-07-14,67.0,83.49026548672566,True,0.38547719513912526,32.18359336124392,564.0,510.0
160d4b3e508691171c4401d3,2026-06-30,2026-07-19,63.0,54.79646017699115,True,0.5865397260299628,32.14030073962416,186.0,511.0
eaaffe2c7944782391e7abbb,2026-06-30,2026-07-05,71.0,56.21896551724137,True,0.571383519122251,32.12259035865386,211.0,512.0
73c3ef916fd110efa9bcf48e,2026-06-30,2026-07-20,65.0,68.45357142857144,True,0.4644601610160374,31.793956807837105,388.0,513.0
6d1d561cdfdefe0a35b5f320,2026-06-30,2026-07-25,54.0,113.11875,True,0.2796585405347893,31.634624532119698,830.0,514.0
15ed40db6768ed37e9cbde80,2026-06-30,2026-07-06,12.0,171.87631578947367,True,0.18322664417552686,31.492320555358383,1013.0,515.0
d6c55670cb58056a210e8b60,2026-06-30,2026-07-04,99.0,40.29545454545455,True,0.7751238408655033,31.233967496694035,20.0,516.0
59832986790947ff8c4a99f1,2026-06-30,2026-07-22,46.0,117.48315789473683,True,0.26574349118451707,31.220384534329224,873.0,517.0
a28de22007d3eeafade88c41,2026-06-30,2026-07-12,43.0,62.65822784810127,True,0.49340311548281884,30.915764830885486,340.0,518.0
946f4ff909973f3a25dc9907,2026-06-30,2026-07-02,77.0,71.12727272727271,True,0.43149806526012524,30.691280569047446,453.0,519.0
5595dc4381930a7e8fc23b58,2026-06-30,2026-07-11,19.0,176.2448275862069,True,0.173287321644897,30.540994126180447,1025.0,520.0
0f68c2ed811b2686c40d0316,2026-06-30,2026-07-09,37.0,67.33548387096774,True,0.4524419392125147,30.465396900393646,408.0,521.0
99f50b99e63250103973c977,2026-06-30,2026-07-13,36.0,58.98305084745762,True,0.5150256716109797,30.377785376376423,300.0,522.0
804096add0e56f452253731c,2026-06-30,2026-07-22,47.0,55.875,True,0.543665521268874,30.377311000898334,262.0,523.0
28a224b6b4805c6f85bc2603,2026-06-30,2026-07-23,84.0,106.58102189781022,True,0.2836181852028359,30.228316007720643,822.0,524.0
7c2243edcdf220d556121f0c,2026-06-30,2026-07-06,21.0,52.20540540540541,True,0.5780900899061523,30.179427504397943,200.0,525.0
7feccd4c3d876b12ede37deb,2026-06-30,2026-07-08,29.0,51.78122448979592,True,0.5816883652633048,30.120535824801593,193.0,526.0
0091b4832b3d4aaa6f02d8a5,2026-06-30,2026-08-03,78.0,76.08169014084507,True,0.39503263669858724,30.054750660822936,539.0,527.0
ba01fc1640c8d934a6f4a36a,2026-06-30,2026-07-13,23.0,112.32500000000002,True,0.2671673340594133,30.009570798223603,867.0,528.0
e84e351271d71b7655c2507d,2026-06-30,2026-07-06,71.0,72.06101694915253,True,0.41600212888659194,29.977536460580236,488.0,529.0
f2aa6673c0dd09f15ab54635,2026-06-30,2026-07-17,34.0,104.10508474576271,True,0.2878470788178075,29.96634453414809,812.0,530.0
d8b5e9713a288b7f26159ce4,2026-06-30,2026-07-12,25.0,147.83333333333331,True,0.20228806775751915,29.904919350153243,981.0,531.0
a00d0e2d68c72b7d45dc7c7a,2026-06-30,2026-07-02,60.0,53.96603773584906,True,0.5514075675783664,29.757281599766863,239.0,532.0
d13db67309f9a890f7071614,2026-06-30,2026-08-07,90.0,89.22857142857143,True,0.33346623497468464,29.754715766455433,693.0,533.0
a09830f79c4d99071a11b8f2,2026-06-30,2026-07-16,56.0,67.34845360824742,True,0.4408423802328467,29.69005259366125,432.0,534.0
d88ba36365942ba92ccb66b6,2026-06-30,2026-07-10,48.0,72.94736842105262,True,0.40577394340634687,29.60014134532614,516.0,535.0
0c0fa86ace39591d03e41382,2026-06-30,2026-08-12,96.0,76.98913043478261,True,0.382913173048393,29.480152225019214,572.0,536.0
b41f26d46b08e804aca30884,2026-06-30,2026-07-25,57.0,78.91485148514852,True,0.37335001729587,29.462861166881208,602.0,537.0
5bf1bf34227163bc104440c9,2026-06-30,2026-07-07,71.0,65.88907563025211,True,0.4469157901915141,29.446868300282556,421.0,538.0
fbf3c9bd3a1831498b02ce17,2026-06-30,2026-07-21,57.0,70.81224489795919,True,0.4157657134534434,29.44130352123996,490.0,539.0
b98133b7bdf4153206f066b7,2026-06-30,2026-07-02,17.0,41.15,True,0.7149542814824551,29.420368683003026,48.0,540.0
9a59b5ba2739e210e47933ca,2026-06-30,2026-08-02,95.0,50.48888888888889,True,0.5807260082169575,29.320210903753942,197.0,541.0
144adf35970cfbac27c1a85f,2026-06-30,2026-07-14,52.0,61.51034482758621,True,0.4748841699517383,29.21028904689348,373.0,542.0
7a0176076e2d95ff7311389f,2026-06-30,2026-07-09,19.0,87.54117647058823,True,0.33269724910068205,29.12470859480206,694.0,543.0
b2ce2c8c9126b4519dc6b620,2026-06-30,2026-07-20,47.0,90.34615384615384,True,0.32008439236373215,28.918393756246413,737.0,544.0
e04aa3b80c3aecf9d4702ad8,2026-06-30,2026-07-15,31.0,135.92795031055903,True,0.211775254113288,28.78617621811702,963.0,545.0
41c8ef3a6615965813d7ca6d,2026-06-30,2026-07-27,74.0,74.92835820895523,True,0.38098079505629284,28.54626548271047,578.0,546.0
04c746a513922bbc791a82c3,2026-06-30,2026-07-10,27.0,63.57333333333332,True,0.4474120040385732,28.443472470078888,418.0,547.0
e0809366ac4091e2d8df2ca2,2026-06-30,2026-07-11,39.0,80.0,True,0.3550890411771908,28.407123294175264,634.0,548.0
4a5ce8e48ce027ef7dd68c6d,2026-06-30,2026-07-15,37.0,74.42181818181818,True,0.3812257166498856,28.37151097075112,575.0,549.0
2cc7fc4662f6bcda08330acb,2026-06-30,2026-07-31,61.0,51.333333333333336,True,0.5521183187120516,28.342073693885318,238.0,550.0
d9f8d5b5b8fb260599cdec96,2026-06-30,2026-07-19,38.0,67.58823529411764,True,0.4163388794481546,28.139610146231153,487.0,551.0
c6c5e5e429e7667791733f62,2026-06-30,2026-07-28,51.0,76.02962962962964,True,0.36838698336627584,28.008325905714486,608.0,552.0
fa3e12265951bb875f68e695,2026-06-30,2026-07-14,29.0,117.99878048780491,True,0.23563692419867124,27.80486969334053,916.0,553.0
b5a7b3d4b6f6a054480abbd1,2026-06-30,2026-08-02,78.0,66.50322580645161,True,0.4179520255137047,27.79515792900173,482.0,554.0
84a59ad010e75381c351637e,2026-06-30,2026-07-11,80.0,56.61486486486486,True,0.4906305558237745,27.776982616536532,343.0,555.0
e67dbb01308333e5f414b097,2026-06-30,2026-07-12,33.0,68.22,True,0.40708025249655133,27.771014825314733,513.0,556.0
5d3b87d5d0b53d931cd2744c,2026-06-30,2026-07-14,47.0,43.57058823529412,True,0.6336239474583503,27.607368110729414,123.0,557.0
02f4e954ebed6639de74bed1,2026-06-30,2026-08-02,62.0,75.13469387755102,True,0.36554540785896517,27.46514231782788,614.0,558.0
e4098ac52c1911b9111ccd7d,2026-06-30,2026-07-23,68.0,101.35636363636364,True,0.27084341580785254,27.451703741135542,855.0,559.0
57a4a5baa9d5d5ed70c809ea,2026-06-30,2026-07-03,83.0,70.4384105960265,True,0.3892275438039171,27.416569545743204,551.0,560.0
f243319a443d90f7075d7945,2026-06-30,2026-07-06,68.0,68.89380530973452,True,0.39715769357597014,27.361704818486086,532.0,561.0
684961f13384427571427e2e,2026-06-30,2026-07-21,53.0,49.8,True,0.5485937998468627,27.319971232373764,247.0,562.0
77db24a1505d200b08bd852c,2026-06-30,2026-07-07,48.0,46.55357142857143,True,0.5864776788654736,27.302630514326605,187.0,563.0
abdd05fef59473cb64726e75,2026-06-30,2026-07-16,33.0,94.71272727272728,True,0.28813971147942824,27.290497909793412,810.0,564.0
3db051e01be12c2bbfbfd038,2026-06-30,2026-07-18,40.0,64.88181818181818,True,0.4201957993502367,27.26306745420581,479.0,565.0
a7d7b902dc30bc5154bf76da,2026-06-30,2026-07-16,33.0,80.71199999999999,True,0.33756130787685423,27.245248281356655,682.0,566.0
1edeb17a19b65a726c7bcab5,2026-06-30,2026-07-23,59.0,75.19326923076923,True,0.3623262184056972,27.24449288994608,619.0,567.0
4f3d7fcf7ae4aae27b5fb5a7,2026-06-30,2026-08-03,68.0,131.6,True,0.20674545277340226,27.207701584979734,971.0,568.0
bf4f60ab5d70bddcabb7597f,2026-06-30,2026-08-04,76.0,47.499173553719004,True,0.5682658728926233,26.99215932118234,214.0,569.0
d2ed404a20128a6b5966d744,2026-06-30,2026-07-25,54.0,78.346875,True,0.3442822090184178,26.97343519468985,664.0,570.0
c59a978384e1dceef9dc010c,2026-06-30,2026-07-13,66.0,49.25172413793104,True,0.545242097488791,26.85411337390484,256.0,571.0
492e2d1836a0a2d01afe83c7,2026-06-30,2026-07-25,61.0,71.74285714285715,True,0.3740014049610825,26.831929367350803,597.0,572.0
93a620b89f8160c4c59207dd,2026-06-30,2026-07-10,37.0,49.82823529411765,True,0.5378687669715929,26.801051478017467,272.0,573.0
38ca41b3ae1121e512164cd5,2026-06-30,2026-07-11,23.0,83.04444444444444,True,0.3219306141093099,26.734548998366467,727.0,574.0
921754f17e8809f137b1d253,2026-06-30,2026-07-12,36.0,53.42608695652174,True,0.49901451990537665,26.660393133031604,327.0,575.0
987cd0e0f6e5d4d1a540a4e7,2026-06-30,2026-07-08,37.0,39.312000000000005,True,0.6769461036971488,26.612105228542315,80.0,576.0
6be5aaf10d09c54faf2a4573,2026-06-30,2026-07-20,39.0,93.64137931034482,True,0.283527440814449,26.54990063019716,823.0,577.0
b3ff740e60cd8515e8569e2a,2026-06-30,2026-08-01,71.0,86.41889763779527,True,0.3071626501134893,26.544657618311557,760.0,578.0
f23e10bf743ab166b91a72db,2026-06-30,2026-07-22,71.0,47.09739130434783,True,0.563269288244742,26.528514078184102,222.0,579.0
2710b64ace5986b922a3eace,2026-06-30,2026-07-29,69.0,68.40967741935484,True,0.3870983245927218,26.48127151496081,557.0,580.0
53544dbaf8c9006e06651573,2026-06-30,2026-07-03,59.0,40.92743362831858,True,0.6426918403687459,26.30372764015377,110.0,581.0
5f75ad8c0b4582f8122d20a1,2026-06-30,2026-07-07,40.0,48.32727272727273,True,0.5439888847287846,26.2894991928929,259.0,582.0
9552405b331e691b2fbaccf1,2026-06-30,2026-07-12,83.0,81.12857142857143,True,0.323543835957966,26.248649205789842,722.0,583.0
863590c101bf9d6b3c15feb3,2026-06-30,2026-07-31,61.0,85.81682242990654,True,0.3033318713024013,26.030977336889435,773.0,584.0
30668290a6d129b2a8a22927,2026-06-30,2026-08-01,72.0,68.62499999999999,True,0.377869233869352,25.931276174284275,587.0,585.0
b020b8fb956d966fa18e3df2,2026-06-30,2026-07-28,75.0,67.14782608695653,True,0.3850461672890666,25.855013076575414,566.0,586.0
7f62fedfd18f03e29bb26652,2026-06-30,2026-07-16,81.0,75.79424460431655,True,0.3410466552357176,25.84937360841999,672.0,587.0
2e587949d9706bc883d982d9,2026-06-30,2026-07-12,73.0,104.33571428571429,True,0.24632921856095924,25.700934967999512,901.0,588.0
4330e07c1a8a048017cbaaa2,2026-06-30,2026-07-31,75.0,97.41081081081083,True,0.2632366587682736,25.64209636574627,877.0,589.0
47b0e8b2f1c8d3c9e9b87a27,2026-06-30,2026-07-24,62.0,92.33009708737863,True,0.27771315797826035,25.641282838575297,834.0,590.0
23b6480bbd549e08964fdad2,2026-06-30,2026-07-07,32.0,56.29615384615384,True,0.4554551944595117,25.640375697322586,405.0,591.0
94aeef5b2e75f4f058bcfcf3,2026-06-30,2026-07-14,28.0,169.34769230769226,True,0.1513581972579215,25.632161417481477,1040.0,592.0
98a1f4afad293847b24c29ae,2026-06-30,2026-07-15,58.0,68.13061224489796,True,0.3761711740769965,25.628772398747863,592.0,593.0
066c9b0385c2a05d3e6ad503,2026-06-30,2026-07-28,69.0,46.64262295081967,True,0.5486637640494619,25.59111707333654,246.0,594.0
e39060b433637a88f9cee756,2026-06-30,2026-07-20,38.0,77.56875000000001,True,0.3285736683964415,25.487048740426474,705.0,595.0
410ac36553289bba4c92ec81,2026-06-30,2026-07-06,45.0,44.84571428571429,True,0.5676289172845892,25.455724244854036,215.0,596.0
648d844cbcaa9b85916d5485,2026-06-30,2026-07-15,30.0,99.68067226890756,True,0.2552327515094329,25.441772255503302,890.0,597.0
97ea7e06086993ff64d68444,2026-06-30,2026-07-05,46.0,52.97837837837837,True,0.47991463598033307,25.425099174287805,363.0,598.0
60a31154777059596d886d4e,2026-06-30,2026-07-14,28.0,86.64545454545454,True,0.29309547128254504,25.395390334490333,800.0,599.0
62554d3b618754800c68d8df,2026-06-30,2026-07-19,39.0,132.4542857142857,True,0.19121804608149914,25.327649709406337,998.0,600.0
dd0b79c868b4388c5834cee8,2026-06-30,2026-07-19,46.0,62.79642857142857,True,0.4022065218973912,25.25713312329225,523.0,601.0
8050e96eaeb41610aab5248d,2026-06-30,2026-07-29,62.0,71.98181818181818,True,0.3507688109045455,25.248976770383557,643.0,602.0
dcbd20c1fe80b4a20b194454,2026-06-30,2026-07-08,28.0,48.18367346938775,True,0.5239509505148341,25.245881513582106,288.0,603.0
cbfc08a89fd9eb126506c65d,2026-06-30,2026-07-12,23.0,82.845,True,0.30447047772572233,25.223856727187467,769.0,604.0
fa196abe8b82858b6c23a8e0,2026-06-30,2026-08-18,91.0,38.906666666666666,True,0.6472830240051027,25.18362485395853,101.0,605.0
2dee59f96aec717e52ce8fb9,2026-06-30,2026-07-15,64.0,64.94857142857143,True,0.3839530621377256,24.937202881470796,568.0,606.0
20975a7e7a098b8969c55fcf,2026-06-30,2026-07-12,66.0,38.57586206896551,True,0.6460968034207256,24.923741171957438,103.0,607.0
d3d69802718a4bb0c7165401,2026-06-30,2026-07-08,31.0,48.98844984802432,True,0.5085362480829327,24.9124024851132,311.0,608.0
b86f7c763e5cbe2279743777,2026-06-30,2026-07-09,48.0,49.33734939759036,True,0.5037363043013042,24.853014049564347,320.0,609.0
2a8cf4e0ab4bf623d3ce54df,2026-06-30,2026-07-26,53.0,97.23068181818181,True,0.25557390711944056,24.849625244159874,889.0,610.0
9a6a1dfdc01606f5316844d4,2026-06-30,2026-07-11,23.0,73.12820512820511,True,0.3386654694521365,24.765997919935717,680.0,611.0
fc69b25413d8d2604d287b84,2026-06-30,2026-07-17,41.0,87.78375,True,0.28037207025265565,24.61211172204156,828.0,612.0
05364b471827dad950c8958f,2026-06-30,2026-07-17,90.0,120.55068493150685,True,0.20390645313204095,24.581062587021737,976.0,613.0
5029c57a3ad8efc81abc1db2,2026-06-30,2026-07-23,61.0,92.14329896907218,True,0.2661409753285039,24.523107457614795,872.0,614.0
7bd9b9adf89aff57c505e6c4,2026-06-30,2026-07-13,103.0,59.205681818181816,True,0.4138521887100676,24.5024010045264,495.0,615.0
d82084a5f219322639377c78,2026-06-30,2026-07-13,53.0,35.59591836734694,True,0.6870674742646802,24.4567977267848,75.0,616.0
b58094bbb5d466a7823296b5,2026-06-30,2026-07-24,57.0,75.85116279069767,True,0.3207268491866021,24.327504449000497,731.0,617.0
39651dff176e540f16e4da4f,2026-06-30,2026-07-16,38.0,76.06666666666668,True,0.3193461946370346,24.29160053872377,739.0,618.0
467538bf72666fe08a0bb94f,2026-06-30,2026-07-20,73.0,54.725373134328365,True,0.443286434085867,24.259015510734926,429.0,619.0
f74ef1887e1bb03e980d1755,2026-06-30,2026-07-29,123.0,61.2,True,0.3963837544611443,24.258685773022034,535.0,620.0
c17f73792543dac2bed46677,2026-06-30,2026-07-21,53.0,36.768292682926834,True,0.6591728561442584,24.236660503352915,92.0,621.0
b9d4e383ec944a24755503a9,2026-06-30,2026-07-17,80.0,73.38394160583941,True,0.330223237478546,24.233082776016857,698.0,622.0
0ce801d7e9871e42a857cea0,2026-06-30,2026-07-16,41.0,55.059428571428576,True,0.4390141764127113,24.17186968804022,438.0,623.0
63e3f6b042c0abab9e81f71b,2026-06-30,2026-07-14,57.0,68.97362637362639,True,0.3496964119471644,24.119829661841454,648.0,624.0
988709040c1a0bcfe5f1f90b,2026-06-30,2026-07-10,38.0,59.765625,True,0.402418188864751,24.050774568869883,521.0,625.0
c20f3b516472fb804c086ea0,2026-06-30,2026-07-10,60.0,40.11923076923076,True,0.5983037768683384,24.003487294283214,170.0,626.0
884d39c560ae09b140501ccd,2026-06-30,2026-07-18,45.0,60.60000000000001,True,0.3960487729541358,24.000555641020632,536.0,627.0
572f69864951b8cd79f08f7a,2026-06-30,2026-07-12,50.0,50.71034482758621,True,0.4723392125673844,23.952484344882606,376.0,628.0
6dd1c931aefe8aaaaacbdd06,2026-06-30,2026-07-24,52.0,60.12439024390245,True,0.39750382995174544,23.89967539546458,530.0,629.0
1bc890716e1bbb010ad38571,2026-06-30,2026-07-06,43.0,41.13461538461538,True,0.5807162434858826,23.887539323390435,198.0,630.0
419cd231630aa2a763be9935,2026-06-30,2026-08-11,75.0,52.7625,True,0.4522458858667821,23.86162355304609,409.0,631.0
f008a8450799f413c2f248e9,2026-06-30,2026-07-10,46.0,57.57567567567568,True,0.41375228752229376,23.8220675164525,496.0,632.0
3a80158979bc4c18b2f10acd,2026-06-30,2026-08-04,69.0,60.80707964601771,True,0.39074861201591415,23.760281972422565,547.0,633.0
0d808488e19abdc27daab663,2026-06-30,2026-07-20,48.0,67.78536585365855,True,0.3504130257499586,23.752875150348416,645.0,634.0
e22335536963b45763ede368,2026-06-30,2026-07-09,17.0,138.25028571428572,True,0.17166382047130768,23.732572226964137,1027.0,635.0
68ee3bc0247d4840833a08a0,2026-06-30,2026-07-22,55.0,102.8793103448276,True,0.2291853234815598,23.578428020939093,933.0,636.0
38bd57870e49efb7cfbce7a4,2026-06-30,2026-08-02,70.0,121.90212765957448,True,0.19323873594519705,23.556213057966215,994.0,637.0
4c01d521ca7b2ea9966f891b,2026-06-30,2026-07-14,88.0,38.8,True,0.6038272577924234,23.428497602346027,163.0,638.0
b92e8033adf09590a17c01e1,2026-06-30,2026-07-12,28.0,78.69714285714285,True,0.2955705361064114,23.260556704328554,791.0,639.0
a8850d6aa3bde16a139bf2e8,2026-06-30,2026-07-10,47.0,42.99069767441861,True,0.5375065887819533,23.107783256333004,274.0,640.0
18755fc74db907c84d0bfe0d,2026-06-30,2026-08-21,112.0,82.85684210526314,True,0.27725666501800883,22.972611716028993,835.0,641.0
1ae8bee98977c82dee915658,2026-06-30,2026-08-01,72.0,45.31376146788991,True,0.5052724514923745,22.895795343221437,318.0,642.0
8f7bf00c198d45f828e640ca,2026-06-30,2026-07-22,45.0,59.13333333333333,True,0.38557665978870787,22.800433148838923,562.0,643.0
625b21bd52d857ee9805fbf4,2026-06-30,2026-07-12,33.0,49.82222222222222,True,0.4560451973459501,22.721185165547116,402.0,644.0
dc2be22be6f342e77c525a34,2026-06-30,2026-07-25,57.0,60.74999999999999,True,0.37355670050046036,22.693569555402963,599.0,645.0
f15fd188963fdf2ca84170d7,2026-06-30,2026-07-26,80.0,76.5402985074627,True,0.29585636450731084,22.644934454722264,789.0,646.0
13b2bf75f00296f85d0c01d9,2026-06-30,2026-08-02,66.0,50.97894736842105,True,0.4437182740923275,22.62029054135939,428.0,647.0
bea4c6223856ef9a06417606,2026-06-30,2026-07-26,61.0,67.00434782608696,True,0.33666022638714643,22.55769890805354,686.0,648.0
1866272d480890d31f2c07eb,2026-06-30,2026-07-23,83.0,52.93469387755103,True,0.42582721992618977,22.541033531521453,467.0,649.0
278422e5ed01dcaa10ce87c8,2026-06-30,2026-07-27,52.0,86.67567567567568,True,0.26002414664967133,22.53776860285124,882.0,650.0
7bb83849cfc051acaa2b92b9,2026-06-30,2026-07-10,26.0,100.49729729729731,True,0.22387001562210943,22.498331515925724,941.0,651.0
48fff7bcef2814228eabe57c,2026-06-30,2026-08-20,100.0,64.29103448275862,True,0.34901333208532614,22.43842816804019,649.0,652.0
1798923e994e6b9de907e2c5,2026-06-30,2026-07-28,64.0,53.073267326732676,True,0.4198267554534951,22.281577623098173,480.0,653.0
ce98efea8c2a80c0b0380f5a,2026-06-30,2026-07-30,94.0,40.026035502958585,True,0.5553938519486097,22.230214036219976,228.0,654.0
f65c36baf9910333bbb0bbf6,2026-06-30,2026-07-22,62.0,83.08163265306122,True,0.2663506660126645,22.12884819056239,871.0,655.0
e234a35ae798e81477be2029,2026-06-30,2026-07-13,83.0,76.33285714285715,True,0.28973323665694783,22.11616576327242,806.0,656.0
a38a225d528dbbb9d8a304e1,2026-06-30,2026-07-23,45.0,72.16875,True,0.30638510466912183,22.111430022589687,763.0,657.0
8df218f17b51449f7b758416,2026-06-30,2026-07-20,38.0,68.3,True,0.31952503511942987,21.82355989865706,738.0,658.0
230ca450c0cccd31a242006c,2026-06-30,2026-07-07,70.0,48.69391304347826,True,0.44552215894915076,21.694217266812647,424.0,659.0
97fbb65cbe4030b974da82bb,2026-06-30,2026-08-03,60.0,94.60344827586208,True,0.2270173398737051,21.47662317046586,937.0,660.0
3b5e1437f22c446691349b05,2026-06-30,2026-07-12,50.0,54.94814814814816,True,0.3904653148836899,21.45534596894231,549.0,661.0
484d180aa334ca52880cbd7a,2026-06-30,2026-09-09,136.0,76.57105263157895,True,0.27965371880741424,21.413379621419296,831.0,662.0
4e834310914c3c2898c51ca5,2026-06-30,2026-07-22,49.0,76.19240506329113,True,0.27971706058428836,21.312315583151246,829.0,663.0
61ef4a7d66e859cfc3038e65,2026-06-30,2026-07-29,74.0,67.90645161290323,True,0.31297330647422467,21.25290669222227,749.0,664.0
149c19dce6a844523be00572,2026-06-30,2026-07-15,36.0,49.67999999999999,True,0.4272403435412832,21.225300267130947,462.0,665.0
ccd2b6b10ca713caca94b445,2026-06-30,2026-07-10,27.0,35.21333333333333,True,0.6025129281405187,21.216488576254797,164.0,666.0
ece30b1c94153a4feeb096f3,2026-06-30,2026-07-20,41.0,53.49857142857143,True,0.3965498319400679,21.21484950903372,534.0,667.0
fec6172bed608c06f56fa718,2026-06-30,2026-07-12,41.0,45.69041095890412,True,0.464267971872059,21.21259442989131,389.0,668.0
4fdda66afba09150a25c1509,2026-06-30,2026-07-23,41.0,117.045,True,0.18114164601429303,21.201723957742928,1017.0,669.0
2a24d25ac2be6527a247bfba,2026-06-30,2026-07-20,70.0,45.515044247787614,True,0.4624646702389427,21.049099928963987,393.0,670.0
3c01be3aeca26ae82f3ac114,2026-06-30,2026-07-30,71.0,53.38217821782178,True,0.39177528506563214,20.91381808871151,546.0,671.0
b8d9061cb782c29cc1bb1c9f,2026-06-30,2026-07-13,59.0,32.99417475728155,True,0.633289520324418,20.89486510553885,124.0,672.0
d326236ae79da7134f77d480,2026-06-30,2026-07-27,51.0,92.39142857142856,True,0.22548313012145424,20.832708510678472,939.0,673.0
3f2315a7391cf877df427ecd,2026-06-30,2026-07-20,36.0,106.54285714285716,True,0.19475333276297746,20.74957651066123,992.0,674.0
0d2d0d15fcebb2f4352f9499,2026-06-30,2026-07-08,45.0,30.708433734939756,True,0.6736439762192741,20.68655140467091,86.0,675.0
4c390a371366ed5066a3163e,2026-06-30,2026-07-02,45.0,29.162337662337663,True,0.7091127115324611,20.679384334365473,55.0,676.0
5cf29a20f1910e59d70fe8ea,2026-06-30,2026-07-04,37.0,37.92393442622951,True,0.5449117639166041,20.66519800285435,257.0,677.0
25f572fd3916281f71e02b89,2026-06-30,2026-08-14,88.0,46.90359712230215,True,0.4405130060820984,20.66164456440898,435.0,678.0
00161ea684c5104be72950d1,2026-06-30,2026-07-22,41.0,122.49,True,0.16856933595647453,20.648057961308563,1032.0,679.0
f36e1e1aede6fd2fdb8746fd,2026-06-30,2026-07-12,43.0,58.13999999999999,True,0.3543850992139294,20.603949668297854,636.0,680.0
4f8e9858b99ec8ea2b0c3810,2026-06-30,2026-07-30,61.0,108.34468085106383,True,0.19007679172192998,20.593809336306634,1000.0,681.0
df3efd762063ea4de40f638d,2026-06-30,2026-08-07,82.0,24.55102040816326,True,0.8348041588192945,20.495293939992063,3.0,682.0
fa8d407ec1920dc84be41a53,2026-06-30,2026-08-01,68.0,72.70458715596331,True,0.2815669386677787,20.471208032609294,826.0,683.0
082a2130f218cc5c8bfa5cea,2026-06-30,2026-07-29,76.0,87.13846153846156,True,0.23482403774981475,20.462205381768477,919.0,684.0
dfebf08378e8135cf6a493c4,2026-06-30,2026-07-07,82.0,62.08111888111888,True,0.3294715870200602,20.45396476174326,702.0,685.0
2f26415a36ebf11ee1411d98,2026-06-30,2026-07-25,54.0,48.05,True,0.4242703756547284,20.3861915502097,469.0,686.0
337d7527ebb8431f53e65360,2026-06-30,2026-09-09,140.0,101.07226890756301,True,0.20104671051030099,20.320247187678117,986.0,687.0
622830ccaa5e88ff24441bf2,2026-06-30,2026-07-07,64.0,80.15,True,0.25335919443362886,20.306739433855356,893.0,688.0
1e3024122c6d6545cb74b77f,2026-06-30,2026-08-01,75.0,76.95,True,0.2636636172488017,20.288915347295294,876.0,689.0
e33a21194c772292e4a7ab93,2026-06-30,2026-08-16,130.0,24.898804780876493,True,0.8145421584145769,20.281126188158325,8.0,690.0
54d337ea279554f757ae1740,2026-06-30,2026-07-06,42.0,42.81230769230769,True,0.47210671676718585,20.21197802184192,377.0,691.0
2fea88932d20c5d681d628d5,2026-06-30,2026-07-10,74.0,53.01692307692308,True,0.38117424684071805,20.208685723658437,576.0,692.0
354f880f2437dddd46ccd682,2026-06-30,2026-07-17,40.0,37.952876712328774,True,0.5322197323283051,20.199269884924785,279.0,693.0
501a59c9b73cf9e18840a7a1,2026-06-30,2026-07-07,36.0,38.871428571428574,True,0.5172730354380606,20.107141848956612,295.0,694.0
396b2484eb55703449587fe3,2026-06-30,2026-07-29,87.0,37.14,True,0.5405752295787211,20.0769640265537,269.0,695.0
8a22565993c9705427b9f275,2026-06-30,2026-07-06,46.0,40.643478260869564,True,0.4917641655625426,19.987006172515862,341.0,696.0
3c7cc18eb3f56cba2967f4ae,2026-06-30,2026-07-16,45.0,53.43037974683544,True,0.3735703146086402,19.960003771684434,598.0,697.0
bb693c163f79d0adf7b4f6ad,2026-06-30,2026-08-09,83.0,66.45755395683453,True,0.2978176034030099,19.792229447450676,786.0,698.0
19d15df5f0a60009430f1e1c,2026-06-30,2026-07-27,71.0,98.09142857142857,True,0.20170367195404756,19.785401330075317,983.0,699.0
6292927d0c9b896800b0b755,2026-06-30,2026-07-21,49.0,69.3257142857143,True,0.28508848428059197,19.76396280738367,819.0,700.0
cf47ad913ef17f642559e0ff,2026-06-30,2026-08-04,88.0,63.587755102040816,True,0.3106617639990828,19.754284168741677,755.0,701.0
0de8539ecf62383c9ce99080,2026-06-30,2026-07-29,56.0,80.63595505617977,True,0.244053044712175,19.679450344734775,905.0,702.0
2b5f3647c0f8c106aca5c94f,2026-06-30,2026-07-13,35.0,52.37586206896551,True,0.3752327499690181,19.653138756135917,595.0,703.0
318eb2d7a72c155a5e73da23,2026-06-30,2026-07-09,46.0,38.97,True,0.5023725569037699,19.57745854253991,324.0,704.0
abc135188999756cc2d635c3,2026-06-30,2026-07-28,99.0,36.52417582417583,True,0.5342341338950191,19.51246143765797,278.0,705.0
2a347e12cf79e3e62a16cab2,2026-06-30,2026-08-04,61.0,99.58404255319148,True,0.1949006678272377,19.408996398553075,991.0,706.0
11c2db2bd23dbd872ad52efe,2026-06-30,2026-07-21,72.0,60.5546218487395,True,0.3204139904694954,19.402548027925917,733.0,707.0
abc78a4d0572f1d6847af65e,2026-06-30,2026-08-01,62.0,67.04117647058824,True,0.2883582195074586,19.331874280744152,809.0,708.0
7fb44825c2be36af86c4d88a,2026-06-30,2026-07-11,31.0,41.196226415094344,True,0.4691223740684511,19.326071538510494,382.0,709.0
fef4c8259df317d81810d0bf,2026-06-30,2026-07-24,56.0,44.73333333333333,True,0.43142030906156054,19.29886849202047,454.0,710.0
54b44ae36aaf085344f1fb5e,2026-06-30,2026-07-09,112.0,28.07272727272727,True,0.6856262190995581,19.24739785981305,76.0,711.0
26293e99082644a73c3eb92f,2026-06-30,2026-07-10,31.0,36.61052631578948,True,0.5247103723051091,19.209922893443892,286.0,712.0
1a48553ce93f2ab3baffac02,2026-06-30,2026-07-17,104.0,78.13,True,0.24557065989796142,19.186435657827726,903.0,713.0
15bd3b37c5429770550f4de3,2026-06-30,2026-07-02,74.0,51.996694214876044,True,0.3682618848411976,19.14840061708165,609.0,714.0
e949893494fc2f147e77c226,2026-06-30,2026-07-14,54.0,45.43255813953489,True,0.421392334006606,19.144931714309433,476.0,715.0
6910e235ea0f438236221d5f,2026-06-30,2026-08-10,88.0,52.22448979591837,True,0.3657628184862076,19.101776581759292,613.0,716.0
0f8034c27b943acef2e5d7e7,2026-06-30,2026-07-24,71.0,45.01395348837209,True,0.4237042187909572,19.07260199748318,470.0,717.0
7b0e5cba09f63c6257d55337,2026-06-30,2026-07-18,57.0,44.65454545454545,True,0.4268712476782597,19.061741532687375,464.0,718.0
93d47c5ade810282e91fc740,2026-06-30,2026-08-13,84.0,69.39280575539568,True,0.2734540657198834,18.975744865523076,845.0,719.0
5957b4aaf42a68f463043d8a,2026-06-30,2026-08-07,79.0,52.493333333333325,True,0.36116009521378234,18.95849726475548,622.0,720.0
58002cc7139ef181fd7ea2e9,2026-06-30,2026-08-11,91.0,26.087671232876712,True,0.7260405494965024,18.940707157001906,42.0,721.0
6e2c109193fa42829ce9c329,2026-06-30,2026-07-16,52.0,32.82272727272727,True,0.576727826132172,18.929780147729154,203.0,722.0
3bd3ed60f2ad158e10a85a74,2026-06-30,2026-07-19,48.0,39.331034482758625,True,0.47950083494907325,18.859263873893553,365.0,723.0
6628db6332cefa6f1928e1fb,2026-06-30,2026-08-03,80.0,61.93274336283185,True,0.3034803580937258,18.79537113347903,772.0,724.0
222b35f019746aaa2dba211c,2026-06-30,2026-07-21,49.0,41.94146341463415,True,0.44608484575155094,18.70945123791139,423.0,725.0
55eaf9963784f3fe7339be96,2026-06-30,2026-07-19,70.0,44.44761904761905,True,0.42026473113036467,18.679766668432496,478.0,726.0
8d50e0b3db5a481b8faab234,2026-06-30,2026-07-23,58.0,38.57142857142857,True,0.4836033805622918,18.653273250259826,358.0,727.0
48238373b23a156fac2797a0,2026-06-30,2026-07-23,47.0,55.448780487804875,True,0.3360583213506458,18.63402409167215,687.0,728.0
77e80199928467e4a7fde826,2026-06-30,2026-07-17,36.0,53.516129032258064,True,0.34817058642003407,18.6327420280915,654.0,729.0
456620598d01f72902bd4b84,2026-06-30,2026-08-17,90.0,36.011842105263156,True,0.516890834455614,18.61419111607329,296.0,730.0
e41bdc4a98f68caa50dfdd91,2026-06-30,2026-07-08,75.0,25.81714285714286,True,0.713888512495908,18.430561711180072,49.0,731.0
3648401aaadf39c00bc5c5f4,2026-06-30,2026-07-13,26.0,52.17,True,0.35250595641214744,18.390235746021734,639.0,732.0
a68c661ac52058485b12bf9e,2026-06-30,2026-08-11,87.0,39.30845070422536,True,0.4644827380991305,18.25809681353329,387.0,733.0
3e70508209ab63fbbadb97fa,2026-06-30,2026-07-04,82.0,75.68503937007874,True,0.24104733877562878,18.24367732528617,910.0,734.0
ead176cd25d2ff411cfcc344,2026-06-30,2026-08-11,96.0,47.734426229508195,True,0.381052475519848,18.18932128227366,577.0,735.0
76fd0fa3166c015d6eac2c84,2026-06-30,2026-07-07,88.0,66.804,True,0.27141120379824524,18.131354058537976,851.0,736.0
73a31d7e1703de168e7d0eac,2026-06-30,2026-08-17,113.0,52.36363636363637,True,0.34525746748785385,18.078936479363986,662.0,737.0
00a4d7c18ad4a06a975a313e,2026-06-30,2026-07-02,85.0,51.83513513513514,True,0.3460553875382427,17.937827777286373,658.0,738.0
58e77350180be32d5d535c76,2026-06-30,2026-07-07,54.0,34.120879120879124,True,0.5243786630628844,17.892260975936882,287.0,739.0
864f6b94d578433595f87b46,2026-06-30,2026-07-26,75.0,47.88813559322033,True,0.3733183260011442,17.877518614976825,603.0,740.0
1e5f585f9796d7e0eb8c396c,2026-06-30,2026-07-27,54.0,62.597802197802196,True,0.2854591005956093,17.869112314646472,817.0,741.0
a6b8df4be24c0694f72c98e9,2026-06-30,2026-07-24,81.0,73.42857142857143,True,0.24269923609025532,17.821058192913032,906.0,742.0
a727096acc47fabcd9599e65,2026-06-30,2026-07-21,43.0,75.54782608695652,True,0.23487904711472724,17.74460140289348,918.0,743.0
f15717ad49a217bc30cccfd5,2026-06-30,2026-07-05,44.0,29.17594936708861,True,0.6077098364534224,17.73051141824675,158.0,744.0
b1bfcf30913531a4ed9d15f3,2026-06-30,2026-07-11,33.0,36.61333333333334,True,0.48382449230671604,17.714427411656565,357.0,745.0
52e66c7dfeb7d26bc8030edb,2026-06-30,2026-07-15,71.0,61.95272727272727,True,0.28590867624896343,17.71282224455851,816.0,746.0
0fb889cf03979b461428d967,2026-06-30,2026-07-25,90.0,48.78658536585366,True,0.36240748878070167,17.680623888624353,618.0,747.0
df00c06aaa24f8a33dbdf688,2026-06-30,2026-07-12,26.0,38.232467532467524,True,0.46214534798723117,17.66895701220272,394.0,748.0
e376723df4e1758e9cef72cc,2026-06-30,2026-07-03,67.0,29.65846153846154,True,0.5946379718756618,17.636047418183093,179.0,749.0
4893b7a09f5400fad39e70f7,2026-06-30,2026-07-26,51.0,76.4501204819277,True,0.22923200812441522,17.524814639425774,932.0,750.0
47b906aa05434bc3c0074ddd,2026-06-30,2026-08-02,88.0,57.70945945945947,True,0.3031919517751539,17.497043649402634,774.0,751.0
97997d3f0495b2e0860de0fd,2026-06-30,2026-07-27,59.0,49.38181818181818,True,0.35429353666150326,17.49565901041169,637.0,752.0
f544e9873c189278de5ffbfb,2026-06-30,2026-07-11,21.0,60.53333333333334,True,0.2885166238693115,17.46487296488899,808.0,753.0
8c3d5c98292095277d37ee48,2026-06-30,2026-07-17,63.0,42.33513513513513,True,0.4097562988921532,17.34708828607213,504.0,754.0
2d9e9ab245957dd40a8b772d,2026-06-30,2026-07-08,75.0,36.34736842105263,True,0.47585929556342854,17.29623313242651,371.0,755.0
22d4f8e166d64e8e0a05eaa0,2026-06-30,2026-07-22,44.0,63.55459459459459,True,0.27095079828687124,17.220168140203874,853.0,756.0
d4ae003c1c3e8f01d185538e,2026-06-30,2026-07-15,35.0,44.06857142857143,True,0.3905545906384105,17.21118287430527,548.0,757.0
9beca7485a904b410c59dfdd,2026-06-30,2026-07-16,52.0,26.580645161290324,True,0.6468682635472959,17.194175779450703,102.0,758.0
aa7723ffb68a597db26cbd67,2026-06-30,2026-07-10,44.0,28.788888888888895,True,0.5969313303989472,17.184989745151917,172.0,759.0
4feb2de97a82d2e1e92cbf12,2026-06-30,2026-07-10,23.0,49.64268292682927,True,0.34573676862412756,17.1633007809541,660.0,760.0
e768964d4ff4c7aadbe8e542,2026-06-30,2026-07-23,43.0,50.49,True,0.3392399514105448,17.128225146718407,678.0,761.0
64c499bddf7ad9a1a9c20c21,2026-06-30,2026-07-16,36.0,45.885714285714286,True,0.3719336822862372,17.06644267861991,604.0,762.0
9fd28998436af1335e92466c,2026-06-30,2026-07-19,43.0,56.80588235294117,True,0.29965157225324135,17.021971960291477,784.0,763.0
1b723c254822ab17b8b03e28,2026-06-30,2026-07-13,52.0,24.16363636363636,True,0.7016884456845881,16.95534444208759,59.0,764.0
00a0b8574842f97dd4bceb73,2026-06-30,2026-07-19,36.0,50.74,True,0.33152507728498815,16.8215824214403,696.0,765.0
ab3381daf484eaa63e862b47,2026-06-30,2026-07-09,42.0,33.25263157894736,True,0.5049034582048783,16.789368678623262,319.0,766.0
bbc4c495de8ef269f66ec7ec,2026-06-30,2026-08-07,73.0,63.45365853658537,True,0.26424551529084117,16.767344697089083,875.0,767.0
6e49255043f38096c86e82a6,2026-06-30,2026-08-10,97.0,49.88421052631579,True,0.335230792696782,16.722723437790002,689.0,768.0
d2e10be0f4164bd4d3abed24,2026-06-30,2026-08-22,103.0,67.69704142011834,True,0.24675386290870804,16.70450647790501,899.0,769.0
f2c1e8e7a00c2987640f6e34,2026-06-30,2026-08-17,89.0,80.5726618705036,True,0.20681969458845187,16.664013320236155,970.0,770.0
10c4f71e0f12538de0951481,2026-06-30,2026-07-22,60.0,40.07307692307693,True,0.4157862061892803,16.661832624177357,489.0,771.0
ac25a20dc32b82de762d01ca,2026-06-30,2026-07-28,56.0,61.22666666666667,True,0.2720581348332113,16.657212735388082,849.0,772.0
763fa4c581fd5a9ae636ce7b,2026-06-30,2026-07-26,68.0,54.270270270270274,True,0.3054609121870056,16.57744626139209,767.0,773.0
aca680082ea9c4c49192bb28,2026-06-30,2026-07-05,46.0,35.55529411764705,True,0.4628551278679252,16.456950205205214,392.0,774.0
0a0616dffb0406f6ffe8791f,2026-06-30,2026-07-18,38.0,48.76941176470588,True,0.3368538536242876,16.428164291930845,685.0,775.0
b90eca2607e55ae07f95b981,2026-06-30,2026-07-23,71.0,53.28318584070797,True,0.3080287683038935,16.412754105820735,757.0,776.0
c46eceab2b5730f0b77513db,2026-06-30,2026-07-30,80.0,40.69606299212598,True,0.40229072371233343,16.37164863334507,522.0,777.0
b591d424c81e95880e99c03c,2026-06-30,2026-07-24,49.0,70.38,True,0.2302884393628403,16.2077003623567,931.0,778.0
ff5fcc3b19752e1833040d9c,2026-06-30,2026-07-18,47.0,42.20886075949367,True,0.383424168746258,16.18389735043541,571.0,779.0
1f8ba5bcf6fe48c3bbbaed86,2026-06-30,2026-07-12,23.0,86.10285714285715,True,0.1878670654922809,16.17589110192965,1006.0,780.0
104af3f9a7714a35dc2bd8bd,2026-06-30,2026-07-13,67.0,33.383783783783784,True,0.4835520062433133,16.142795624641636,359.0,781.0
54c391e87cb1666fdd587cca,2026-06-30,2026-07-11,87.0,79.74545454545455,True,0.20128930344158963,16.051906998087492,985.0,782.0
6bb541c97122d81307f2df52,2026-06-30,2026-08-18,121.0,23.053846153846155,True,0.6927071420554828,15.969563882617555,71.0,783.0
68bb3e7724763c4376a9b214,2026-06-30,2026-07-16,66.0,58.39591836734694,True,0.2731390250509479,15.950204209811883,847.0,784.0
82c41b8fcfe5b81aa5ec698f,2026-06-30,2026-07-27,53.0,58.53,True,0.2721653690478267,15.929839050369296,848.0,785.0
bd5b875770f73a07c3413988,2026-06-30,2026-08-01,75.0,49.54838709677419,True,0.3206013856240557,15.88528155866289,732.0,786.0
22b8a8cf45dbdb076c24fea6,2026-06-30,2026-08-09,112.0,76.24761904761904,True,0.20665517134232725,15.756964778730207,972.0,787.0
c154b1a2bbe1641d82920f5c,2026-06-30,2026-08-07,81.0,41.856,True,0.37630473878989107,15.750611146789682,591.0,788.0
837d6bf868b54c7dc147141b,2026-06-30,2026-07-16,68.0,20.541176470588233,True,0.7583142271283861,15.576666359601907,25.0,789.0
27576f155c707b8c882adb32,2026-06-30,2026-07-15,79.0,41.71304347826087,True,0.3733751262634345,15.574612875527786,601.0,790.0
ffd250082019b2157a76eaf5,2026-06-30,2026-07-18,91.0,24.850588235294115,True,0.6235260186769314,15.494988344132729,135.0,791.0
557a93052ea2c280832dee43,2026-06-30,2026-07-14,52.0,32.94395604395605,True,0.47012015032312865,15.487617567623161,380.0,792.0
a15a4112c5df1a1475bd864f,2026-06-30,2026-08-01,81.0,28.603361344537813,True,0.5406379950659076,15.464063929456605,267.0,793.0
1b8d7aa041febfcd97376535,2026-06-30,2026-07-01,59.0,37.721739130434784,True,0.4087840042521572,15.420043569094418,506.0,794.0
99e3f975dea32480ab74d197,2026-06-30,2026-08-30,107.0,72.48502994011976,True,0.2124025502492335,15.396005214173481,961.0,795.0
e4897b875cbca804b543060f,2026-06-30,2026-08-04,76.0,45.4,True,0.338688853361907,15.376473942630579,679.0,796.0
d4b5cb6cec112b836e6a5243,2026-06-30,2026-07-09,59.0,25.00990099009901,True,0.6128205105515706,15.326580293596706,150.0,797.0
3bbabc0109c54f21591c7c8c,2026-06-30,2026-07-13,37.0,35.69454545454545,True,0.42848902966660024,15.294721146208536,460.0,798.0
386951c4e355f9c5cf5574af,2026-06-30,2026-08-01,72.0,25.859541984732825,True,0.5913846208546015,15.292935432114872,183.0,799.0
f92f8e5233f9101c6efebedd,2026-06-30,2026-07-15,64.0,35.383783783783784,True,0.43210718491029215,15.289587202285256,451.0,800.0
0e2cd3c1c4eeb6500374e707,2026-06-30,2026-07-24,52.0,70.06829268292684,True,0.21704962804975367,15.208296864910547,954.0,801.0
46227b5f3eeb1eeb7bd6f63d,2026-06-30,2026-08-03,67.0,19.400000000000002,True,0.7828431087741731,15.18715631021896,15.0,802.0
fd8ba3929598e67b599cb003,2026-06-30,2026-07-17,66.0,43.28181818181819,True,0.349939347578128,15.146011216540614,647.0,803.0
471734e97a719228cc994a64,2026-06-30,2026-07-28,64.0,46.381395348837216,True,0.3254404168077669,15.094380634451406,714.0,804.0
fd334ead5507f2fde08e0091,2026-06-30,2026-07-18,63.0,36.0,True,0.41902030539393015,15.084730994181486,481.0,805.0
d35fef01e222f1755bda8d6e,2026-06-30,2026-07-27,69.0,68.58461538461539,True,0.21983447139143877,15.077262668662064,946.0,806.0
78dac4da84d018fdcdb7e3be,2026-06-30,2026-07-30,74.0,50.00330578512397,True,0.30109743605368033,15.055867166108989,780.0,807.0
b2048e4e89dc9e4ee24dc4a0,2026-06-30,2026-07-18,71.0,47.505,True,0.3158214138795928,15.003096266350056,745.0,808.0
46efe563021c8c9af443a3e6,2026-06-30,2026-07-21,53.0,52.7855421686747,True,0.28275091290400356,14.925160236325548,824.0,809.0
6edc979edfe8a9f311c84a83,2026-06-30,2026-08-05,109.0,37.51981132075472,True,0.3971330293661821,14.900356331058896,533.0,810.0
f56e0e9196e96022f964e2be,2026-06-30,2026-08-16,84.0,73.26315789473684,True,0.2033161163515863,14.895580734810954,978.0,811.0
f710ee87e4d339f7ef6cb7ed,2026-06-30,2026-08-01,71.0,44.8,True,0.3322805702700825,14.886169548099696,695.0,812.0
55bff622d9459a1c5ad0c129,2026-06-30,2026-07-18,38.0,55.29193548387097,True,0.26817537809090797,14.827935703765188,862.0,813.0
ed8e50d3852960a48651878c,2026-06-30,2026-07-25,68.0,50.71636363636363,True,0.2917244376798612,14.795202662985542,803.0,814.0
817626c2af94919fcd69eca7,2026-06-30,2026-07-28,60.0,23.067857142857143,True,0.6377555871826172,14.711654777187587,115.0,815.0
90c22152e9fcd826f0d5dbca,2026-06-30,2026-07-15,33.0,42.38117647058824,True,0.34700199836174417,14.70635292821585,655.0,816.0
4cb26de8f1cbbf02eb6f231d,2026-06-30,2026-07-30,104.0,100.72173913043477,True,0.1452601715056251,14.630857100431784,1043.0,817.0
eeb9540641ee7271109912e4,2026-06-30,2026-07-16,82.0,34.22368421052631,True,0.4263160433182736,14.59010564040565,466.0,818.0
3b0cdb76a0f00da162d6bcff,2026-06-30,2026-07-27,48.0,81.43890410958905,True,0.17893355656846968,14.57215275536733,1019.0,819.0
7be6ee6398efa204e9b38e50,2026-06-30,2026-07-04,65.0,25.72258064516129,True,0.5627872785477812,14.476341158516153,223.0,820.0
3aadf5e29206f5330ac7239f,2026-06-30,2026-07-15,34.0,58.77391304347827,True,0.24589501381237594,14.45221215963347,902.0,821.0
1ea5740e7ad699d588956544,2026-06-30,2026-07-01,67.0,30.66315789473684,True,0.47111015192353844,14.44572497424492,379.0,822.0
1e2076ff3d0f60e279a0891d,2026-06-30,2026-07-08,81.0,41.5,True,0.34600539425258975,14.359223861482475,659.0,823.0
78a4d4b577142a9865e97ac8,2026-06-30,2026-07-09,41.0,35.89090909090909,True,0.39983410506123035,14.350409516197614,526.0,824.0
f6f2da49aa4a5629b213fd22,2026-06-30,2026-07-22,53.0,27.260869565217387,True,0.5253999851293456,14.322860464178245,284.0,825.0
40c9722756b72d78d5953cef,2026-06-30,2026-07-21,51.0,36.798876404494386,True,0.38902018048814274,14.315505540637263,552.0,826.0
c8673bf47264fd926d73e9e6,2026-06-30,2026-07-30,99.0,63.054216867469876,True,0.2268214881620254,14.3020513047706,938.0,827.0
3c31ec3dfe187ab849c388ee,2026-06-30,2026-07-02,60.0,24.692307692307693,True,0.5773473324764252,14.256037978840961,202.0,828.0
b66c3c554c8fc4842f661051,2026-06-30,2026-07-16,70.0,28.43157894736842,True,0.4989553116882675,14.186087335473793,328.0,829.0
208ae4fb3719db03a51f8818,2026-06-30,2026-08-03,57.0,70.09024390243903,True,0.20190785196648264,14.151770590148322,982.0,830.0
edb676b5bfc0c94dc9d84451,2026-06-30,2026-08-15,96.0,68.82,True,0.20554305384165947,14.145472965383004,974.0,831.0
d75070a0a2bfad9b919c0a4f,2026-06-30,2026-07-11,43.0,26.812394366197182,True,0.5252309481029074,14.082699313866799,285.0,832.0
0e452300d2083b5de89f2cda,2026-06-30,2026-07-18,49.0,51.95835616438356,True,0.2698994008385543,14.023529197323327,857.0,833.0
45968c9124cc9d1847c913be,2026-06-30,2026-07-31,71.0,68.71153846153847,True,0.20365532141781878,13.993470450497433,977.0,834.0
a7ad4e25c41b2b5442054960,2026-06-30,2026-07-16,44.0,29.89285714285714,True,0.4679690312560758,13.98893139861912,383.0,835.0
3674679709f2018e30b9204f,2026-06-30,2026-07-30,65.0,42.646153846153844,True,0.3274077282007489,13.962680347268861,707.0,836.0
e1648b7c060a2ca42b9012ce,2026-06-30,2026-07-27,72.0,31.935766423357666,True,0.4363576094642494,13.935414692904994,443.0,837.0
571524b2629e4446923f2985,2026-06-30,2026-08-08,92.0,50.577631578947354,True,0.2752790500653955,13.922962375610176,841.0,838.0
e71f4950d5bb03fc9e11a3b3,2026-06-30,2026-08-17,92.0,73.29295774647888,True,0.18930082703354903,13.874417517143415,1002.0,839.0
e9666c2c72bcc6bcdb9cf64b,2026-06-30,2026-08-03,69.0,30.393103448275866,True,0.4556100023000838,13.847401931975652,403.0,840.0
18de67d63b3c23313334a645,2026-06-30,2026-07-11,32.0,30.867032967032966,True,0.4482396273460685,13.835827354421667,416.0,841.0
bfa24910d91dbc0af1dcbe07,2026-06-30,2026-07-07,108.0,22.874157303370787,True,0.5998772842327368,13.72168736225849,167.0,842.0
328ca66eb854359925dd03d8,2026-06-30,2026-07-21,76.0,43.667716535433065,True,0.31379822705239185,13.702852028245312,747.0,843.0
e5556fddeb47f5565ac750b1,2026-06-30,2026-07-18,45.0,33.83780487804878,True,0.4040791562656432,13.673151645003417,518.0,844.0
14f0bd18585b39b47d4cb9c2,2026-06-30,2026-08-28,113.0,53.244559585492226,True,0.2564036913712717,13.652101623157836,887.0,845.0
e75d674f059c611e40a5b279,2026-06-30,2026-08-09,84.0,48.24335664335665,True,0.2819063113100343,13.600106716543111,825.0,846.0
c0f0b02af19fffefae4a8c59,2026-06-30,2026-07-27,90.0,58.73286713286713,True,0.23102288631839313,13.56863648678965,927.0,847.0
d50b34a976146848d32f9bba,2026-06-30,2026-08-01,63.0,34.4125,True,0.39412506770051287,13.5628288922439,541.0,848.0
d63aedefdc5cc8ace1bcb817,2026-06-30,2026-08-15,106.0,39.25454545454545,True,0.3438939186820556,13.499399462446508,666.0,849.0
2c5904fa8c5f84aea22e26c7,2026-06-30,2026-07-14,72.0,36.8296875,True,0.36466877057907876,13.430636861436664,616.0,850.0
18557e2fbaec3abf1cf18e94,2026-06-30,2026-07-12,54.0,46.47857142857142,True,0.2873578761716048,13.355983573204515,814.0,851.0
2c7a320b94dd3ae7c33d89c0,2026-06-30,2026-07-17,79.0,41.55114503816794,True,0.32028216077541993,13.308090515517296,734.0,852.0
91467f80faf464f6d2c43c70,2026-06-30,2026-07-20,56.0,48.93488372093024,True,0.27088749448758653,13.255848044204178,854.0,853.0
5a857cd37caa7ea6fb28678b,2026-06-30,2026-08-17,107.0,75.2378048780488,True,0.1757359769835104,13.22198914633863,1022.0,854.0
2d088d078825f44b9ce3df6c,2026-06-30,2026-08-04,85.0,75.34285714285714,True,0.17419769740443805,13.124552230157231,1023.0,855.0
93b5220ce45590fffeebd9be,2026-06-30,2026-07-26,52.0,57.4,True,0.22795369880582156,13.084542311454157,935.0,856.0
412018de60f7e57694a4e7db,2026-06-30,2026-08-17,91.0,69.1476923076923,True,0.18908876507883127,13.075051746512536,1003.0,857.0
c86f225d892d1936bf303733,2026-06-30,2026-07-23,43.0,54.9,True,0.23554640653471992,12.931497718756123,917.0,858.0
0dc30ecb66e93ab42f57aa4b,2026-06-30,2026-07-23,42.0,66.87138461538461,True,0.193153471661631,12.916440093281718,995.0,859.0
50e50ff2c3315634a5e6d848,2026-06-30,2026-07-24,43.0,59.99294117647058,True,0.21484705138264276,12.88930651553704,959.0,860.0
43bc3c00a04354ba8ac211ab,2026-06-30,2026-07-11,53.0,34.06551724137931,True,0.3780913195511119,12.879876364984257,586.0,861.0
d60240e79e1f531c1a7d5731,2026-06-30,2026-07-13,58.0,40.63448275862069,True,0.31678558706354976,12.872418475713348,742.0,862.0
aef52b8c3b97c54d718d7ec7,2026-06-30,2026-07-21,73.0,32.114285714285714,True,0.39795971989660867,12.780192147536804,528.0,863.0
85db53d4d543a3ab836a6fbd,2026-06-30,2026-07-31,62.0,23.257731958762886,True,0.5477285297657359,12.738923331458766,250.0,864.0
302df9708028b3e045d58a03,2026-06-30,2026-07-21,43.0,38.45131578947368,True,0.32975255100736406,12.679419471168684,701.0,865.0
4377ef6d53563308ed6236f4,2026-06-30,2026-07-27,68.0,52.076146788990826,True,0.24189771730828796,12.59710103446821,908.0,866.0
b41e424a40e4ab961e156890,2026-06-30,2026-07-11,21.0,51.91111111111112,True,0.23956796299548094,12.436239145720968,911.0,867.0
f935b0460a85fe6b65d397c2,2026-06-30,2026-07-31,87.0,37.67755102040817,True,0.3252898245251721,12.256123959966791,716.0,868.0
bebf9958196e1708dcdf147f,2026-06-30,2026-07-29,54.0,64.00843373493976,True,0.189577919320785,12.134585686452223,1001.0,869.0
2f499e03e434f4bb86b96834,2026-06-30,2026-07-24,48.0,47.8125,True,0.2527076761769124,12.082585767208625,894.0,870.0
b5d34550f437fc7c4b7ce407,2026-06-30,2026-07-16,34.0,27.861290322580643,True,0.4331666119165503,12.06858073265563,448.0,871.0
86e0a789dbba740aa75b86be,2026-06-30,2026-08-13,91.0,47.1527027027027,True,0.2547469883458315,12.012009005879861,891.0,872.0
0c4260dfcc62086fcf7ed35c,2026-06-30,2026-07-19,62.0,33.609375,True,0.357316217438157,12.009174745460559,630.0,873.0
89095c4623bc9e9489633e03,2026-06-30,2026-08-03,73.0,41.149180327868855,True,0.2917409692321883,12.004901751962555,802.0,874.0
b7d00c3ac97148fa4b43a5f0,2026-06-30,2026-08-29,140.0,34.35114503816794,True,0.3457196692572431,11.87586650120301,661.0,875.0
6543b16eedeb43d14c3f4e91,2026-06-30,2026-07-27,86.0,21.334228187919464,True,0.5537830132210009,11.814533170650455,232.0,876.0
c7596084726382cc5ea946ce,2026-06-30,2026-08-16,97.0,26.201324503311263,True,0.44939548878550284,11.774757031993138,413.0,877.0
d4ada4e0b21032be32ecf9d6,2026-06-30,2026-07-16,99.0,44.16842105263158,True,0.2653099550673074,11.7183218048676,874.0,878.0
2c57ebc49767952396774bd2,2026-06-30,2026-08-04,67.0,33.69310344827586,True,0.34621093550237003,11.664920864805715,657.0,879.0
a4fe4b49fc55de26f4404385,2026-06-30,2026-08-17,77.0,88.90800000000002,True,0.13059083033981742,11.610569543852488,1051.0,880.0
f665124df7e8fa7b38cc9b9c,2026-06-30,2026-07-26,65.0,20.789473684210527,True,0.5558002497607413,11.55479466607857,227.0,881.0
e57f4aa95b732d53edec0db9,2026-06-30,2026-07-04,36.0,19.312258064516126,True,0.5977490893556374,11.543884671465579,171.0,882.0
16f1da92142d88e90ce83d6c,2026-06-30,2026-07-09,82.0,49.42442748091603,True,0.23348990888614488,11.540105069268959,922.0,883.0
b556179450eb97c23095a065,2026-06-30,2026-07-24,48.0,38.12222222222223,True,0.3009660555338534,11.473494850407235,781.0,884.0
82be99bd862acd7bdbbda41a,2026-06-30,2026-07-15,65.0,26.379310344827587,True,0.4345077523162803,11.462014845584637,446.0,885.0
50f87c35f34e5f0c92cec4a6,2026-06-30,2026-07-18,38.0,35.1,True,0.3248103447307598,11.40084310004967,719.0,886.0
90a84ea10e0fc941d55f5ddc,2026-06-30,2026-08-18,128.0,74.00970873786407,True,0.15230614679406967,11.272133563215467,1038.0,887.0
392ef8f37b02968cefc202f4,2026-06-30,2026-08-26,115.0,29.932682926829273,True,0.37525431518877445,11.23236843347004,594.0,888.0
445cbd978070f7cb31bbf530,2026-06-30,2026-08-02,91.0,46.11724137931034,True,0.24223728931230162,11.171315542285248,907.0,889.0
5ec43dd03302766a00a8a7c1,2026-06-30,2026-08-11,97.0,21.567073170731707,True,0.5089147642496804,10.975801958238534,310.0,890.0
a31d11f30de451ca08726025,2026-06-30,2026-07-21,52.0,33.3,True,0.32904844129627286,10.957313095165885,704.0,891.0
c13219d3720ff55ccc5c1220,2026-06-30,2026-07-25,49.0,40.71036144578313,True,0.2689600998486684,10.949462879333211,861.0,892.0
25dbcc96293c8579980cc90c,2026-06-30,2026-07-21,93.0,30.336842105263155,True,0.35993306981741247,10.919232707513501,626.0,893.0
cd5c64501d0bf407e02f836e,2026-06-30,2026-08-16,94.0,57.21702127659575,True,0.19007868407028683,10.875736110676923,999.0,894.0
f771060655d13084ce5c68f4,2026-06-30,2026-08-25,125.0,36.84324324324324,True,0.2947702422118701,10.860291734681658,797.0,895.0
b401b3313fbc56d8b398b71c,2026-06-30,2026-08-01,59.0,43.125,True,0.24972047938685266,10.769195673558022,896.0,896.0
3da0b6e988b9e1cedce20629,2026-06-30,2026-07-29,86.0,45.06428571428572,True,0.23858966372306048,10.751872774491348,914.0,897.0
47bc78f88149fdf177ddd83d,2026-06-30,2026-07-31,55.0,27.726506024096384,True,0.3856919863187235,10.693891182111786,561.0,898.0
871e1cd889fc15fb7dff643e,2026-06-30,2026-08-03,82.0,32.92285714285715,True,0.32362498767706155,10.654659237150803,721.0,899.0
9b5566b45a5b85fbf9a21b8c,2026-06-30,2026-07-29,54.0,38.46741573033708,True,0.27575047808538306,10.607408278349634,839.0,900.0
fe6b70803002b36e9aeee706,2026-06-30,2026-07-25,86.0,32.72516129032258,True,0.3202638048310399,10.480684668548173,735.0,901.0
dada1fddd5ab6173de4a5c38,2026-06-30,2026-07-30,69.0,27.73069306930693,True,0.37345895167790527,10.35627556296512,600.0,902.0
115a9bee04b7576623a7b455,2026-06-30,2026-07-24,76.0,18.900000000000002,True,0.544628229701954,10.293473541366932,258.0,903.0
4248c8089ce8967ca9bfa173,2026-06-30,2026-07-29,78.0,18.701408450704225,True,0.5493165398588566,10.272992980628025,243.0,904.0
8feb49d4ef0890e928966491,2026-06-30,2026-08-02,69.0,36.92631578947368,True,0.27800623715694145,10.265746104700533,833.0,905.0
08f83d942831e6ee5de2be40,2026-06-30,2026-08-15,88.0,46.8,True,0.218427053275617,10.222386093298876,950.0,906.0
10b1d58a9d74881feed338e2,2026-06-30,2026-07-30,100.0,36.825,True,0.27671402115161003,10.18999382890804,836.0,907.0
db0d8c6e4c91ae80d39ca20c,2026-06-30,2026-08-11,86.0,49.606015037593984,True,0.20321117076776501,10.08049639291283,979.0,908.0
2e890901b6d885da68103491,2026-06-30,2026-07-06,87.0,30.993377483443712,True,0.3242939422276378,10.050964567055265,720.0,909.0
b066c472e59e9fc7b4932ad6,2026-06-30,2026-08-02,59.0,62.697931034482764,True,0.15908539995929896,9.974325435241234,1037.0,910.0
e4f03895dd886c53cd00ca92,2026-06-30,2026-08-30,130.0,31.965517241379313,True,0.3115947752874755,9.96028816177551,753.0,911.0
73ec408227fcadfb844ca958,2026-06-30,2026-07-28,78.0,33.627906976744185,True,0.29497010035584986,9.919227095687416,794.0,912.0
289a8649e19f5cea08d5f1de,2026-06-30,2026-07-18,67.0,32.80754716981132,True,0.30000069518538913,9.842286958270842,783.0,913.0
54f7ad942fbe005af0e85a81,2026-06-30,2026-07-30,64.0,33.21923076923077,True,0.2958404446463044,9.827592001577427,790.0,914.0
e7a967fedb51ffd637937974,2026-06-30,2026-08-11,88.0,20.304000000000002,True,0.4839592328808209,9.826308264412187,356.0,915.0
07eca25ae89b81c1bb36a56d,2026-06-30,2026-07-17,48.0,23.715000000000003,True,0.41355169828715754,9.807378524879942,497.0,916.0
7e72c1d9eef8d9d10f992830,2026-06-30,2026-08-11,90.0,51.1557251908397,True,0.19153382996639373,9.798051970509857,997.0,917.0
b85a1854a236a558aaffa95d,2026-06-30,2026-08-10,84.0,29.14411764705882,True,0.3350441840625698,9.764567117282365,691.0,918.0
9cf2751f4a6ecbbcde8d419f,2026-06-30,2026-07-20,97.0,17.090109890109893,True,0.5705813825983032,9.751298529855838,212.0,919.0
39216d7eccb3d0d50c1da639,2026-06-30,2026-09-05,106.0,78.40851063829788,True,0.124092263439631,9.72988955803677,1058.0,920.0
25502a73be165a3c3dd2c851,2026-06-30,2026-07-16,71.0,40.471698113207545,True,0.2394567091695759,9.691219644693213,913.0,921.0
dd18d7e0a808f0e1ea716d0c,2026-06-30,2026-08-04,104.0,26.757692307692302,True,0.3601207373450272,9.635999883497515,624.0,922.0
d997cf88885b29d7b5c66141,2026-06-30,2026-07-07,106.0,35.18350515463918,True,0.27336421358764035,9.61791121785463,846.0,923.0
57668fe2c0b0e65f560f0746,2026-06-30,2026-07-21,66.0,24.828865979381444,True,0.38722300043116525,9.614307981839366,555.0,924.0
075ca8d8b697d0058e68b9c4,2026-06-30,2026-07-22,38.0,59.408490566037734,True,0.1609735737766853,9.563197039093588,1035.0,925.0
24866a6a3de2f723f0eea277,2026-06-30,2026-08-14,90.0,39.35744680851064,True,0.24110675788708819,9.489346398713526,909.0,926.0
fafb468b19f99d136f96e6f8,2026-06-30,2026-07-09,82.0,17.357142857142858,True,0.545549628558716,9.469182838554858,254.0,927.0
3e62f19a186c12c78dcae1ff,2026-06-30,2026-08-05,69.0,48.85384615384616,True,0.19297004177923865,9.427328733384192,996.0,928.0
7870406903808e63a13b899c,2026-06-30,2026-08-05,77.0,44.92561983471074,True,0.2085949918724111,9.371259304284516,967.0,929.0
26caf1ffee88eaf6595d3ad8,2026-06-30,2026-07-27,49.0,41.55,True,0.21969305229581793,9.128246322891234,947.0,930.0
963519ac237526d9b97a951b,2026-06-30,2026-07-25,86.0,24.397452229299365,True,0.3740600899980525,9.126113176614908,596.0,931.0
f1f2cd7b95c1b6ee33c374d3,2026-06-30,2026-08-26,107.0,36.55975609756098,True,0.249127531950824,9.108041805309455,898.0,932.0
05a3eadab28098764bad53ff,2026-06-30,2026-07-17,93.0,25.307142857142857,True,0.3558238216975591,9.004884287674656,633.0,933.0
8a4e68d340bc8e9017fb03fb,2026-06-30,2026-07-15,24.0,111.06750000000001,True,0.08086132166820217,8.981064844383045,1072.0,934.0
8f1553a8b9b3ab3457b84400,2026-06-30,2026-08-24,108.0,43.06508875739646,True,0.20731081203166218,8.927858520511466,969.0,935.0
0c7770276b30aa4e9a7b4b5a,2026-06-30,2026-07-27,62.0,24.61747572815534,True,0.36232514016280365,8.9195303436583,620.0,936.0
e60fe0f63ce2eaa93ba3a94b,2026-06-30,2026-08-03,75.0,31.12131147540984,True,0.28537478908515895,8.88123769834862,818.0,937.0
8a3047d284fb9c7f2ea6fd4a,2026-06-30,2026-08-11,80.0,43.659375,True,0.2029977829889373,8.862756331682634,980.0,938.0
66c01ab4d3cf84e25514777b,2026-06-30,2026-07-13,66.0,41.915625,True,0.2113778976987823,8.860036693230521,964.0,939.0
e974d4fd4e94c2f73a6bba9f,2026-06-30,2026-07-16,72.0,30.47586206896552,True,0.2897548800146094,8.83052975713489,805.0,940.0
f34d5ca38f7564c11a8ed05e,2026-06-30,2026-08-08,82.0,20.996129032258068,True,0.4176641026693949,8.769329391788897,483.0,941.0
c9e8371c376bd44841ca8c42,2026-06-30,2026-07-31,66.0,25.8,True,0.33717264558770954,8.699054256162906,684.0,942.0
4db2a8fdb29646b7633ad08a,2026-06-30,2026-07-18,95.0,26.826136363636362,True,0.32342995545218783,8.676376089045224,723.0,943.0
aa176a74a693a27b14ee2408,2026-06-30,2026-07-25,106.0,29.409523809523808,True,0.29355285400059233,8.633249649084087,798.0,944.0
8b5fbd13cae1367610b9a92a,2026-06-30,2026-07-09,62.0,23.16407766990291,True,0.37159568579643915,8.607671327589554,605.0,945.0
2d75ee127b6dcc83a60d0ca9,2026-06-30,2026-07-20,112.0,42.48367346938775,True,0.20168872561966317,8.56847796168271,984.0,946.0
8be8461654e8e41052b5ea5b,2026-06-30,2026-08-16,108.0,40.41369863013699,True,0.21109992972467137,8.531328940735966,965.0,947.0
4db08a749623b242bfebc881,2026-06-30,2026-08-09,92.0,32.984713375796176,True,0.2575238902621276,8.494351707716266,885.0,948.0
8788322c73b8cac07535b4eb,2026-06-30,2026-08-05,85.0,48.54285714285714,True,0.17187676194930873,8.343389101482158,1026.0,949.0
f3180b06cd318190e0da4430,2026-06-30,2026-08-21,136.0,45.22941176470589,True,0.18442127460350394,8.341265767213775,1012.0,950.0
ded4c5f768b42ce6f9e2a699,2026-06-30,2026-08-13,101.0,21.903061224489797,True,0.3795242871993162,8.312743698707472,582.0,951.0
1cbae5cf31d04d06fbf72516,2026-06-30,2026-09-04,130.0,24.280176211453742,True,0.3413633171556446,8.288361492665421,670.0,952.0
ec35de5adf732366d32854ea,2026-06-30,2026-08-03,59.0,31.839999999999996,True,0.25995244278826724,8.276885778378428,883.0,953.0
006ee6cf59776b36cd254eec,2026-06-30,2026-08-20,107.0,44.47810650887575,True,0.18602657305974005,8.274109730032274,1009.0,954.0
fd3cc98c3873fda7549b1346,2026-06-30,2026-07-09,105.0,11.78742857142857,True,0.6985372168932928,8.233957548614196,64.0,955.0
7ee40f8acc5d34fe51efe357,2026-06-30,2026-07-24,54.0,27.81573033707866,True,0.2951146759889994,8.208830245824348,793.0,956.0
34f96ff609d123702030b5af,2026-06-30,2026-08-05,79.0,26.577777777777776,True,0.3029902609459762,8.052807824253057,776.0,957.0
5259f6992c5641f9ce063620,2026-06-30,2026-07-29,50.0,38.794736842105266,True,0.20658134574976503,8.014268944850095,973.0,958.0
50184f6ac8ece6f36a99b36d,2026-06-30,2026-07-14,81.0,36.737007874015745,True,0.21543162253678141,7.914313213445727,957.0,959.0
f56ca3a36252203f02c41540,2026-06-30,2026-07-13,59.0,28.45,True,0.27539787087382833,7.835069426360416,840.0,960.0
12954de792bb62f5dcec79b8,2026-06-30,2026-07-19,128.0,51.85636363636364,True,0.1507303315770347,7.816326885288376,1041.0,961.0
c847f32fdc454176d5801062,2026-06-30,2026-07-28,64.0,25.55428571428571,True,0.3027258533271183,7.735942949022132,777.0,962.0
e92427f0227407c7e725b7c4,2026-06-30,2026-07-31,60.0,26.480769230769234,True,0.28785181488878586,7.622537482728042,811.0,963.0
e271c86c8c8ad0c50398a568,2026-06-30,2026-08-06,100.0,35.362732919254654,True,0.21308498686120134,7.53526747947555,960.0,964.0
7fa714ea8a0a645d873ea917,2026-06-30,2026-07-24,81.0,36.256310679611644,True,0.20519670833710557,7.439675607903756,975.0,965.0
c9e5fb09a73c6bc06547243a,2026-06-30,2026-08-30,140.0,39.630638297872345,True,0.18689534411199338,7.406781782058795,1007.0,966.0
5e81f83b67f719e5dd83a24a,2026-06-30,2026-07-01,98.0,18.348387096774196,True,0.3941370771457413,7.231779660661216,540.0,967.0
deb990615d66d025e049d786,2026-06-30,2026-08-09,90.0,15.65874125874126,True,0.4606249802746658,7.2128073834337885,396.0,968.0
839bc2786ed7b9674fec7fee,2026-06-30,2026-08-01,85.0,17.543283582089554,True,0.4092474120740055,7.179543405250539,505.0,969.0
3ec90dc68400f224808e0160,2026-06-30,2026-09-05,140.0,52.231034482758616,True,0.13639293127499283,7.123943896628677,1047.0,970.0
97297eefbd5f4dffe4ec7d73,2026-06-30,2026-07-27,76.0,37.63636363636364,True,0.18841356731655234,7.091201533550244,1005.0,971.0
5180a73127dc5af964b4be9c,2026-06-30,2026-08-11,90.0,55.72258064516129,True,0.12709326946949864,7.081964957471353,1056.0,972.0
a22c06eccf7671ef5ab68659,2026-06-30,2026-07-30,77.0,20.412,True,0.3415215207774848,6.9711372821100195,669.0,973.0
2c18cb39b8a49894686975a9,2026-06-30,2026-08-10,82.0,23.965714285714288,True,0.29080440872992663,6.9693353726475,804.0,974.0
7975a72eedec67e553b3081e,2026-06-30,2026-08-16,119.0,29.69108910891089,True,0.23259989034349285,6.906144070911548,924.0,975.0
5b9cd5f3978f69a0781c7f6b,2026-06-30,2026-08-04,101.0,35.2125,True,0.19409466318252908,6.834558327314805,993.0,976.0
bd7ed707d66f9288dd0788c9,2026-06-30,2026-07-22,101.0,24.034682080924856,True,0.2842823247619364,6.832635296879372,820.0,977.0
1af19398aba99a90fa69cc4c,2026-06-30,2026-09-10,140.0,22.50849056603774,True,0.3031167626466133,6.822700792439196,775.0,978.0
eed36572da2ac93dce5e900b,2026-06-30,2026-07-24,52.0,16.734065934065935,True,0.3972579067290231,6.647740004032488,531.0,979.0
eeb8e17098a3466241be43fd,2026-06-30,2026-07-20,83.0,22.431932773109242,True,0.29323827360747484,6.57790124006549,799.0,980.0
36de5abb5e4eb82b1a8a76b7,2026-06-30,2026-08-11,88.0,20.232,True,0.3250029506216418,6.575459696977057,718.0,981.0
aa89881b5f1e8d93991e6f8d,2026-06-30,2026-08-13,140.0,35.84409448818897,True,0.18226596336632342,6.533158412883286,1014.0,982.0
5821f61171bb760fb34d7b69,2026-06-30,2026-08-20,102.0,23.662921348314605,True,0.2759600438327353,6.5300208124914665,838.0,983.0
abd38a6c4034cf78ab8dc4ab,2026-06-30,2026-07-11,94.0,19.055172413793105,True,0.3396793161186626,6.472647934040447,675.0,984.0
706fa92e3dcdcb92957675f5,2026-06-30,2026-07-26,44.0,58.668000000000006,True,0.10969320032710428,6.435480676790554,1062.0,985.0
6e5e6da93edd9b41ff63c3ae,2026-06-30,2026-08-11,115.0,16.11743119266055,True,0.3985564469816089,6.423706110617345,527.0,986.0
7d1fe3ac298bc4f816dab2c4,2026-06-30,2026-07-02,73.0,12.6421875,True,0.5058973622111558,6.395649308828846,317.0,987.0
8ce49bd5987042947f23eac8,2026-06-30,2026-07-21,76.0,18.138461538461538,True,0.34889893481636186,6.328489909976779,651.0,988.0
e18414f0052b79ca25dae63b,2026-06-30,2026-07-21,67.0,8.7408,True,0.7206921753836547,6.299426166593449,43.0,989.0
b30d08ba48af48837f2f8625,2026-06-30,2026-07-20,105.0,18.414659685863874,True,0.33798970897153724,6.22396546803503,681.0,990.0
8919c492e4e1dfc173ff3c2c,2026-06-30,2026-07-20,34.0,28.53738601823708,True,0.21794396873410932,6.21955116611187,953.0,991.0
a358943554ffadc0672fb650,2026-06-30,2026-07-04,106.0,50.48944099378881,True,0.1222101726594019,6.170323301327615,1059.0,992.0
ed6bf4eaaac7591e0e4bfab0,2026-06-30,2026-07-06,140.0,57.83510204081633,True,0.10607512651087339,6.134865765748864,1063.0,993.0
77d1158c8d01ab9c0b4ee31e,2026-06-30,2026-08-20,101.0,24.89079754601227,True,0.24636117604173277,6.132126156052259,900.0,994.0
575f9b372e5010c8467787b0,2026-06-30,2026-07-28,71.0,18.836974789915967,True,0.3222717363114163,6.070624572400595,726.0,995.0
231e9263d15edaf96a8eaf48,2026-06-30,2026-08-22,140.0,24.271875,True,0.25007542825561074,6.0697995351916525,895.0,996.0
59ecb9a704cfe144839c92d9,2026-06-30,2026-07-25,105.0,23.67058823529412,True,0.25460060166992526,6.026546006586937,892.0,997.0
5c317a4a5a9cde31a1b6103c,2026-06-30,2026-07-29,55.0,25.848837209302328,True,0.23289021221479775,6.01994118318018,923.0,998.0
cfad2a9316a6ea72cf788417,2026-06-30,2026-07-26,113.0,27.61218274111675,True,0.2151109452264597,5.9396827292073615,958.0,999.0
6d48a81c7238697518e88510,2026-06-30,2026-08-07,75.0,36.45818181818182,True,0.16147827854799068,5.887204438989653,1033.0,1000.0
d73e09bed2e3923e6a462436,2026-06-30,2026-08-15,90.0,32.08818897637795,True,0.1820294792357617,5.840996328988788,1015.0,1001.0
9a0eb857bd13be4d510ec7b1,2026-06-30,2026-08-07,83.0,22.11044776119403,True,0.2603187436620933,5.7557639830003735,881.0,1002.0
483c7bf7b8ce7e91ae1055b4,2026-06-30,2026-08-08,104.0,17.77377049180328,True,0.32108394040068167,5.706872265285559,730.0,1003.0
9fadd3e9a5cfd7a023830eef,2026-06-30,2026-08-03,136.0,57.77224880382775,True,0.09816321958308953,5.671109945139025,1066.0,1004.0
6afd38f1acb15a316cc4b37d,2026-06-30,2026-08-05,118.0,19.06027397260274,True,0.2973925309930323,5.668383118132947,787.0,1005.0
1d9d0db71ce35747318ed951,2026-06-30,2026-07-21,39.0,34.375862068965525,True,0.16132830699981385,5.545799629245326,1034.0,1006.0
12c0537d392855b2b375424b,2026-06-30,2026-08-06,140.0,42.793984962406014,True,0.12959191184911395,5.545754326920428,1053.0,1007.0
c5d34f1bcc99dd89f76ac40d,2026-06-30,2026-09-02,134.0,17.694915254237287,True,0.3115031668598444,5.512022139011484,754.0,1008.0
f0dfd4bf947b31fdf36ea13a,2026-06-30,2026-07-26,57.0,18.316483516483515,True,0.3002007056657485,5.498621276963402,782.0,1009.0
d3763c9e5304a7162d7d06f8,2026-06-30,2026-07-28,70.0,36.693333333333335,True,0.14818846872756652,5.437528879176841,1042.0,1010.0
274bd7c274eedced9f277f29,2026-06-30,2026-08-06,140.0,29.14883720930233,True,0.1845314302727953,5.378876621021434,1011.0,1011.0
97c770f7101109a468d1e84c,2026-06-30,2026-08-08,140.0,14.556521739130437,True,0.3559504644128911,5.181400673279824,632.0,1012.0
1e9810b0cbe7cd7406d1057c,2026-06-30,2026-08-22,140.0,23.60390625,True,0.21607060008891635,5.1001101878800235,956.0,1013.0
b462b2287b855126126b6cef,2026-06-30,2026-08-12,101.0,13.419230769230767,True,0.37856646657862125,5.080070776510805,585.0,1014.0
6ea88613ffb5a5b5d574f0d5,2026-06-30,2026-07-24,59.0,18.075000000000003,True,0.2766438273866292,5.000337180013323,837.0,1015.0
60f95fb545c00f30370a45cf,2026-06-30,2026-07-08,89.0,14.434615384615384,True,0.34283221725428437,4.948651197520497,668.0,1016.0
c9afddf0c5d26eba99521f3c,2026-06-30,2026-08-27,120.0,16.492610837438427,True,0.2987256449495987,4.926765809316535,785.0,1017.0
659189799ce8d83d3430b2a1,2026-06-30,2026-08-10,109.0,19.21263157894737,True,0.2559238268753996,4.916970198031362,888.0,1018.0
20192dbb0c491ad21a980924,2026-06-30,2026-08-07,87.0,18.231081081081083,True,0.2672373121460026,4.872025105623948,865.0,1019.0
4938eae4a189d267d55b92fa,2026-06-30,2026-07-06,74.0,11.77674418604651,True,0.40756333320568555,4.799769114775794,510.0,1020.0
f87681dc4155147d6973d97e,2026-06-30,2026-07-30,63.0,17.916,True,0.2669270811940467,4.7822655866725405,869.0,1021.0
1e9e677f432d379bb18727ae,2026-06-30,2026-07-28,117.0,52.317857142857136,True,0.08856274309097525,4.6334129412132015,1069.0,1022.0
9641d2dd89c10114aca2ca72,2026-06-30,2026-07-08,76.0,10.610526315789473,True,0.42303764439597996,4.488652058433135,472.0,1023.0
efed5962cb08d50d73a7edc0,2026-06-30,2026-07-12,105.0,19.46,True,0.23041492737957092,4.48387448680645,930.0,1024.0
4de6ebac01fe4107695cf9d8,2026-06-30,2026-08-09,113.0,18.62857142857143,True,0.23701362484486868,4.415225239967269,915.0,1025.0
b315a4be9ae2636fc06b015b,2026-06-30,2026-07-28,92.0,10.31578947368421,True,0.4131319464254558,4.2617821841783865,498.0,1026.0
a337b091f0b6a64e09671484,2026-06-30,2026-08-16,117.0,15.732000000000001,True,0.2677652696792886,4.212483222594568,864.0,1027.0
91035987cf9f60c469d91a7f,2026-06-30,2026-08-09,70.0,18.773831775700938,True,0.21945070359525382,4.119930592356504,948.0,1028.0
dc55fa94e6912874686d7d67,2026-06-30,2026-07-18,95.0,15.2775,True,0.2668385021117491,4.076625216012246,870.0,1029.0
3acf999f65191c14451ac85f,2026-06-30,2026-08-08,140.0,13.449295774647888,True,0.2967032311635449,3.99044951321224,788.0,1030.0
8db69eaf04ea41971ba92360,2026-06-30,2026-08-08,140.0,14.740363636363636,True,0.2670394256223563,3.936258238919212,868.0,1031.0
ec6c5961f3392ffea35f7c7b,2026-06-30,2026-08-14,140.0,32.714999999999996,True,0.12022998538219423,3.933323971778484,1060.0,1032.0
85637ff63a16adeeac5969f2,2026-06-30,2026-08-02,117.0,19.979057591623036,True,0.1962949148767771,3.9217874092658715,990.0,1033.0
29fd4ec7fe30e20a57f15975,2026-06-30,2026-07-29,75.0,11.742187500000002,True,0.3267538308710558,3.836804748431226,710.0,1034.0
d356d2802c0aa34987e5b2b5,2026-06-30,2026-07-27,123.0,41.803125,True,0.09052319881722566,3.7841525955563364,1068.0,1035.0
269a00600cf06406f0d5d1d6,2026-06-30,2026-08-28,140.0,18.067164179104477,True,0.20902210249678932,3.7764366428710963,966.0,1036.0
c061440b2957fc0018234b47,2026-06-30,2026-08-19,140.0,12.9431906614786,True,0.2894487168598078,3.746389929036827,807.0,1037.0
fcdb0ca8530a073dae260abf,2026-06-30,2026-08-26,140.0,20.96964980544747,True,0.1780977343135303,3.734647119698356,1020.0,1038.0
61e2d0325a9b5b9351b77f9d,2026-06-30,2026-09-04,134.0,11.889270386266094,True,0.3135467405954634,3.7278419776719,748.0,1039.0
13a11b268345727ce3dd4062,2026-06-30,2026-07-26,112.0,13.558793969849248,True,0.2709595582442021,3.6738848243945035,852.0,1040.0
1d74986cdf0f9e44832cc79b,2026-06-30,2026-08-15,140.0,24.004918032786886,True,0.15197785596249508,3.648215975178386,1039.0,1041.0
9cc8810938294e8db7e66d5d,2026-06-30,2026-07-27,97.0,13.467469879518074,True,0.2703032707305433,3.640301156898811,856.0,1042.0
ca065c9daaf3d9afe970047b,2026-06-30,2026-08-25,108.0,21.414545454545454,True,0.1696289268456483,3.632526364341901,1029.0,1043.0
0d4e7c54b7ced35f211fbe56,2026-06-30,2026-07-11,130.0,27.90891089108911,True,0.1299069117441308,3.625560424003524,1052.0,1044.0
569b91ebdaeebd41e8a8887c,2026-06-30,2026-08-28,103.0,17.6,True,0.20090013811429833,3.535842430811651,987.0,1045.0
ac0027a1289cbe3bc3f1cdef,2026-06-30,2026-08-19,90.0,41.91923076923077,True,0.0839938938737945,3.52095942050187,1071.0,1046.0
fd38cbbbefd51d2ff1cca24e,2026-06-30,2026-08-11,140.0,12.672,True,0.2741692654451094,3.474272931720426,844.0,1047.0
46f211879663f26515647128,2026-06-30,2026-08-15,81.0,18.508474576271183,True,0.18543723260095027,3.432160305088774,1010.0,1048.0
eeea29a30e6494539168e6da,2026-06-30,2026-08-05,88.0,18.3456,True,0.18659192037175124,3.4231407343719997,1008.0,1049.0
0956642289c22fd40019eb87,2026-06-30,2026-07-02,104.0,18.529411764705884,True,0.18160858145280867,3.36510018574322,1016.0,1050.0
6541c80f8ac8f5a70800d5a7,2026-06-30,2026-08-20,140.0,19.260759493670886,True,0.17065741644899754,3.2869914540353755,1028.0,1051.0
761e1d53ad8df0126e4666d0,2026-06-30,2026-07-26,80.0,11.149253731343286,True,0.29481576558214323,3.286975774475538,796.0,1052.0
a1e8023ebeb0deec688516ce,2026-06-30,2026-08-26,101.0,19.973793103448276,True,0.16011550869241498,3.198114043275671,1036.0,1053.0
3123e5573b4529e0515dd523,2026-06-30,2026-07-28,126.0,10.324038461538462,True,0.30639175102738875,3.1632002219048783,762.0,1054.0
62f8daa8978d0e1307ee76b1,2026-06-30,2026-08-22,123.0,22.167914438502674,True,0.14050753128181706,3.1147589314205586,1044.0,1055.0
7f8214563598d2ff27a71eff,2026-06-30,2026-07-30,90.0,14.891666666666666,True,0.20836125832183777,3.102846405176034,968.0,1056.0
74b3778c8d13e17a2ecbc877,2026-06-30,2026-07-18,113.0,22.61123595505618,True,0.13171340292077396,2.9782028318850062,1049.0,1057.0
9d4973ec1360d7dbb2f5a918,2026-06-30,2026-08-23,122.0,16.00515463917526,True,0.18025673083559948,2.8850368517759613,1018.0,1058.0
711582e11cfe3ced41ba32d8,2026-06-30,2026-07-07,109.0,20.309826589595374,True,0.1280479946649019,2.6006325667895913,1055.0,1059.0
e911e78a566b2c3029a79ea6,2026-06-30,2026-09-03,140.0,24.50322580645161,True,0.10532904390546248,2.580901346793203,1065.0,1060.0
45c964c19878ed4372e4f5be,2026-06-30,2026-07-18,140.0,21.412639405204462,True,0.11560038152170579,2.4753092846283473,1061.0,1061.0
2869ff4c0aa22f14a13bb5fe,2026-06-30,2026-07-20,118.0,18.18556701030928,True,0.1353641476191961,2.461673777322288,1048.0,1062.0
ae29f7790b5ef024393138b2,2026-06-30,2026-09-08,137.0,22.41,True,0.10586423276516202,2.372417456267281,1064.0,1063.0
45ca37db835081c3f9334849,2026-06-30,2026-08-14,88.0,17.25967741935484,True,0.13711014970405552,2.366476954811449,1046.0,1064.0
723553891344e38002257790,2026-06-30,2026-07-31,52.0,10.752631578947367,True,0.21614954406425724,2.3241764132804077,955.0,1065.0
2786a41e5ef0c538835d20c9,2026-06-30,2026-08-14,140.0,8.2828125,True,0.26218033250104994,2.171590535293853,880.0,1066.0
62d8ae1cf3079344aa066b64,2026-06-30,2026-08-04,136.0,35.76243654822335,True,0.06034017894603616,2.157911820866061,1077.0,1067.0
443aa4c0bb6bb9cc2b368b20,2026-06-30,2026-08-05,113.0,30.49411764705882,True,0.06830321658700998,2.082846322276822,1074.0,1068.0
3366904580ad783a2723c0f1,2026-06-30,2026-08-18,127.0,13.56536312849162,True,0.13888263114055105,1.8839933236619333,1045.0,1069.0
0f176d7c26884eff5a22c820,2026-06-30,2026-07-21,140.0,12.768979591836734,True,0.12805148025182608,1.6350867380400518,1054.0,1070.0
919bb6b573e5308e49d996d3,2026-06-30,2026-08-02,101.0,7.566878980891719,True,0.1979610220154732,1.497947096524727,988.0,1071.0
70be2dfcf8604c106a2235a7,2026-06-30,2026-07-21,140.0,16.090434782608696,True,0.08567195911521093,1.37849907084162,1070.0,1072.0
7e6d137bbbca010a1f72da04,2026-06-30,2026-07-19,134.0,30.61782178217822,True,0.04500268255760758,1.3778841142687692,1079.0,1073.0
3f93e63e4845c986f514bbf1,2026-06-30,2026-09-10,135.0,10.89090909090909,True,0.12491313343221867,1.3604175804708907,1057.0,1074.0
9bb94b7ea8a27a3daccd45e6,2026-06-30,2026-08-07,85.0,14.097391304347825,True,0.0914665440765285,1.2894396631032,1067.0,1075.0
57867c48a650c470b18e43b2,2026-06-30,2026-07-26,118.0,20.764285714285712,True,0.06068582149293381,1.2600977362854184,1076.0,1076.0
9f73de58a86cb1f71dd61132,2026-06-30,2026-09-06,140.0,10.773,True,0.07761612636473168,0.8361585293272544,1073.0,1077.0
83155beb020e63160e99adad,2026-06-30,2026-07-14,140.0,10.216216216216216,True,0.05671106127132877,0.5793724637989804,1078.0,1078.0
93ac5bb9b38aeb0e04d6fe74,2026-06-30,2026-08-13,140.0,7.73142857142857,True,0.06258055553489082,0.4838370950783273,1075.0,1079.0
